"File","Unique_ID","Season_ID","Final_WSO_kg_ha","Longitude","Latitude"
"biomass_production_-0.015000467178426_44.4551548040261_2023.csv",NA,"2023",53.1247327545316,-0.015000467178426,44.4551548040261
"biomass_production_-0.042662716039656_48.0811245500082_2023.csv",NA,"2023",46.2008473410256,-0.042662716039656,48.0811245500082
"biomass_production_-0.0876704038534199_41.2667652121566_2023.csv",NA,"2023",69.6434042827366,-0.0876704038534199,41.2667652121566
"biomass_production_-0.104551585142559_51.7005823233802_2023.csv",NA,"2023",43.0319673047379,-0.104551585142559,51.7005823233802
"biomass_production_-0.177242353831067_45.3472324542012_2023.csv",NA,"2023",52.5660631726714,-0.177242353831067,45.3472324542012
"biomass_production_-0.20566603333491_52.1449186788879_2023.csv",NA,"2023",42.091093487252,-0.20566603333491,52.1449186788879
"biomass_production_-0.224018496237276_48.9710149109919_2023.csv",NA,"2023",45.9416993518122,-0.224018496237276,48.9710149109919
"biomass_production_-0.236845785054697_42.1613227374736_2023.csv",NA,"2023",61.614810872881,-0.236845785054697,42.1613227374736
"biomass_production_-0.260959408219361_45.7929256708487_2023.csv",NA,"2023",51.8931001304729,-0.260959408219361,45.7929256708487
"biomass_production_-0.309283367281106_52.589104962367_2023.csv",NA,"2023",41.4477274208919,-0.309283367281106,52.589104962367
"biomass_production_-0.346476476306503_46.2383937541762_2023.csv",NA,"2023",52.0739207785647,-0.346476476306503,46.2383937541762
"biomass_production_-0.415493641387344_53.0331435195459_2023.csv",NA,"2023",38.9241204519472,-0.415493641387344,53.0331435195459
"biomass_production_-0.433848197891217_46.6836404878584_2023.csv",NA,"2023",51.2935953781073,-0.433848197891217,46.6836404878584
"biomass_production_-0.472087671295693_43.5011417992954_2023.csv",NA,"2023",54.2643980329512,-0.472087671295693,43.5011417992954
"biomass_production_-0.523131492912062_47.1286695121996_2023.csv",NA,"2023",47.8627674030958,-0.523131492912062,47.1286695121996
"biomass_production_-0.614385679472837_47.5734843178623_2023.csv",NA,"2023",47.4583154600636,-0.614385679472837,47.5734843178623
"biomass_production_-0.636075481524576_53.9207856987561_2023.csv",NA,"2023",37.3081465149268,-0.636075481524576,53.9207856987561
"biomass_production_-0.677561471862492_41.2048559427805_2023.csv",NA,"2023",69.4922925439386,-0.677561471862492,41.2048559427805
"biomass_production_-0.707672599240273_48.0180882391324_2023.csv",NA,"2023",46.016878330524,-0.707672599240273,48.0180882391324
"biomass_production_-0.750650234813285_54.3643928315984_2023.csv",NA,"2023",37.8135636399592,-0.750650234813285,54.3643928315984
"biomass_production_-0.75558058984643_41.6517494422025_2023.csv",NA,"2023",68.3755889235981,-0.75558058984643,41.6517494422025
"biomass_production_-0.820994444056649_51.6363051319111_2023.csv",NA,"2023",41.4593847554006,-0.820994444056649,51.6363051319111
"biomass_production_-0.835154949758741_42.0983572227337_2023.csv",NA,"2023",62.1136505261603,-0.835154949758741,42.0983572227337
"biomass_production_-0.897773146048774_45.7290772358594_2023.csv",NA,"2023",52.812454856668,-0.897773146048774,45.7290772358594
"biomass_production_-0.929014624297582_52.0799098057791_2023.csv",NA,"2023",40.4598502484431,-0.929014624297582,52.0799098057791
"biomass_production_-0.988403973517523_46.173934868674_2023.csv",NA,"2023",52.8428214181261,-0.988403973517523,46.173934868674
"biomass_production_-1.03969998191333_52.5233459699593_2023.csv",NA,"2023",39.2005158318483,-1.03969998191333,52.5233459699593
"biomass_production_-1.08099513034552_46.6185575973119_2023.csv",NA,"2023",51.5412541359446,-1.08099513034552,46.6185575973119
"biomass_production_-1.08364333847976_43.4365083858557_2023.csv",NA,"2023",53.779934275643,-1.08364333847976,43.4365083858557
"biomass_production_-1.15314596082463_52.9666153125073_2023.csv",NA,"2023",38.5201091783031,-1.15314596082463,52.9666153125073
"biomass_production_-1.17560653713246_47.0629486472845_2023.csv",NA,"2023",48.8697652377256,-1.17560653713246,47.0629486472845
"biomass_production_-1.18582421822908_40.6928122149108_2023.csv",NA,"2023",65.6124088974606,-1.18582421822908,40.6928122149108
"biomass_production_-1.26638895758146_41.1394561001363_2023.csv",NA,"2023",66.2762132944108,-1.26638895758146,41.1394561001363
"biomass_production_-1.2694526376378_53.4097192649833_2023.csv",NA,"2023",36.7776572833637,-1.2694526376378,53.4097192649833
"biomass_production_-1.27230062660545_47.5071110773708_2023.csv",NA,"2023",47.755655402711,-1.27230062660545,47.5071110773708
"biomass_production_-1.34854461165525_41.5857988951056_2023.csv",NA,"2023",67.0156946830262,-1.34854461165525,41.5857988951056
"biomass_production_-1.37114247414778_47.9510477720143_2023.csv",NA,"2023",47.1471110952682,-1.37114247414778,47.9510477720143
"biomass_production_-1.38872500220889_53.852658987129_2023.csv",NA,"2023",36.7287999188687,-1.38872500220889,53.852658987129
"biomass_production_-1.42338794302942_51.1246545650318_2023.csv",NA,"2023",42.6887357023163,-1.42338794302942,51.1246545650318
"biomass_production_-1.44696433007429_38.8369844340981_2023.csv",NA,"2023",71.7091938876139,-1.44696433007429,38.8369844340981
"biomass_production_-1.47219993649753_48.3947614331708_2023.csv",NA,"2023",46.2976087622474,-1.47219993649753,48.3947614331708
"biomass_production_-1.51107325864326_54.2954353503378_2023.csv",NA,"2023",35.9694854722782,-1.51107325864326,54.2954353503378
"biomass_production_-1.51780200366079_42.4775974806532_2023.csv",NA,"2023",60.5057498590906,-1.51780200366079,42.4775974806532
"biomass_production_-1.52530719390349_39.2843523937031_2023.csv",NA,"2023",70.7387889580235,-1.52530719390349,39.2843523937031
"biomass_production_-1.63661314846628_54.7380489198143_2023.csv",NA,"2023",33.4153261545171,-1.63661314846628,54.7380489198143
"biomass_production_-1.65036819977927_52.0104961888465_2023.csv",NA,"2023",40.0834125798788,-1.65036819977927,52.0104961888465
"biomass_production_-1.76546629786894_55.1804999353064_2023.csv",NA,"2023",37.9912398411477,-1.76546629786894,55.1804999353064
"biomass_production_-1.76804634907196_52.4531343175694_2023.csv",NA,"2023",39.4953782061243,-1.76804634907196,52.4531343175694
"biomass_production_-1.82656026686622_46.9933129217837_2023.csv",NA,"2023",51.6173203965245,-1.82656026686622,46.9933129217837
"biomass_production_-1.85409966879884_41.0705759880752_2023.csv",NA,"2023",64.4573832121862,-1.85409966879884,41.0705759880752
"biomass_production_-1.92864285784455_47.436786374431_2023.csv",NA,"2023",48.921035333143,-1.92864285784455,47.436786374431
"biomass_production_-1.94035772170088_41.5163404593773_2023.csv",NA,"2023",64.1492138855894,-1.94035772170088,41.5163404593773
"biomass_production_-2.01425148283784_38.7674891120785_2023.csv",NA,"2023",71.2134322064803,-2.01425148283784,38.7674891120785
"biomass_production_-2.02832696160915_41.9617961445616_2023.csv",NA,"2023",64.8450362962428,-2.02832696160915,41.9617961445616
"biomass_production_-2.03298604929837_47.880018474256_2023.csv",NA,"2023",50.1325097457174,-2.03298604929837,47.880018474256
"biomass_production_-2.09630689656853_39.2143083962505_2023.csv",NA,"2023",70.735964693222,-2.09630689656853,39.2143083962505
"biomass_production_-2.1180538604088_42.4069466895254_2023.csv",NA,"2023",59.7228234503849,-2.1180538604088,42.4069466895254
"biomass_production_-2.12926227295269_51.0524856710477_2023.csv",NA,"2023",42.3992732749624,-2.12926227295269,51.0524856710477
"biomass_production_-2.13966093961363_48.3230114335267_2023.csv",NA,"2023",47.3107548694368,-2.13966093961363,48.3230114335267
"biomass_production_-2.17993250361397_39.6607877940796_2023.csv",NA,"2023",69.1477250769039,-2.17993250361397,39.6607877940796
"biomass_production_-2.24799615403081_51.4946964176253_2023.csv",NA,"2023",42.2750175255342,-2.24799615403081,51.4946964176253
"biomass_production_-2.26516865510695_40.1069313464159_2023.csv",NA,"2023",66.0738728068639,-2.26516865510695,40.1069313464159
"biomass_production_-2.36960849338734_51.9366979818186_2023.csv",NA,"2023",40.9350048499193,-2.36960849338734,51.9366979818186
"biomass_production_-2.41376131156225_37.8011018899695_2023.csv",NA,"2023",70.2527884481165,-2.41376131156225,37.8011018899695
"biomass_production_-2.46414931573502_57.3902995409293_2023.csv",NA,"2023",29.9208365575357,-2.46414931573502,57.3902995409293
"biomass_production_-2.49420010781693_52.3784909426537_2023.csv",NA,"2023",37.2471287722052,-2.49420010781693,52.3784909426537
"biomass_production_-2.53096619108828_41.4433852632085_2023.csv",NA,"2023",62.8656926370875,-2.53096619108828,41.4433852632085
"biomass_production_-2.58048535524193_38.6946630546241_2023.csv",NA,"2023",71.1561743100626,-2.58048535524193,38.6946630546241
"biomass_production_-2.62187659132875_52.8200755740452_2023.csv",NA,"2023",36.4091548944743,-2.62187659132875,52.8200755740452
"biomass_production_-2.66622219516054_39.1409090742576_2023.csv",NA,"2023",70.5698110499561,-2.66622219516054,39.1409090742576
"biomass_production_-2.67996893006834_55.5463813242116_2023.csv",NA,"2023",30.2991307221215,-2.67996893006834,55.5463813242116
"biomass_production_-2.69311883261458_47.8050164671652_2023.csv",NA,"2023",50.7200328226325,-2.69311883261458,47.8050164671652
"biomass_production_-2.75274859657878_53.26145182698_2023.csv",NA,"2023",36.4227053856881,-2.75274859657878,53.26145182698
"biomass_production_-2.75359570818617_39.5868039569274_2023.csv",NA,"2023",69.8670241469039,-2.75359570818617,39.5868039569274
"biomass_production_-2.80535260304441_48.2472511431383_2023.csv",NA,"2023",47.1938144450634,-2.80535260304441,48.2472511431383
"biomass_production_-2.81285913883303_42.7769484161421_2023.csv",NA,"2023",57.9588659950816,-2.81285913883303,42.7769484161421
"biomass_production_-2.84264778379617_40.0323514541076_2023.csv",NA,"2023",67.5543600775985,-2.84264778379617,40.0323514541076
"biomass_production_-2.93342182107913_40.4775551704163_2023.csv",NA,"2023",66.924002507152,-2.93342182107913,40.4775551704163
"biomass_production_-2.972581019915_56.4284764546886_2023.csv",NA,"2023",30.2774220668155,-2.972581019915,56.4284764546886
"biomass_production_-3.02596279476902_40.9224185589878_2023.csv",NA,"2023",64.2800601789457,-3.02596279476902,40.9224185589878
"biomass_production_-3.12031732477622_41.3669449165273_2023.csv",NA,"2023",62.342101323522,-3.12031732477622,41.3669449165273
"biomass_production_-3.1456221058929_38.6185163017611_2023.csv",NA,"2023",72.5132421352236,-3.1456221058929,38.6185163017611
"biomass_production_-3.23500804673618_39.0641647781033_2023.csv",NA,"2023",72.225493682458,-3.23500804673618,39.0641647781033
"biomass_production_-3.32609601698615_39.5094504326731_2023.csv",NA,"2023",70.9593541761373,-3.32609601698615,39.5094504326731
"biomass_production_-3.41475469533152_42.6985323101146_2023.csv",NA,"2023",57.8533995635024,-3.41475469533152,42.6985323101146
"biomass_production_-3.41892939474781_39.9543767182141_2023.csv",NA,"2023",69.8594604726468,-3.41892939474781,39.9543767182141
"biomass_production_-3.46918974494103_48.1674980548959_2023.csv",NA,"2023",47.7913518028027,-3.46918974494103,48.1674980548959
"biomass_production_-3.51355311380008_40.3989469301943_2023.csv",NA,"2023",67.0970004205744,-3.51355311380008,40.3989469301943
"biomass_production_-3.70835949843857_41.2870314982279_2023.csv",NA,"2023",63.0748034575961,-3.70835949843857,41.2870314982279
"biomass_production_-3.70961874885817_38.5390592796845_2023.csv",NA,"2023",72.9950856133849,-3.70961874885817,38.5390592796845
"biomass_production_-3.76883413196633_56.3451694876477_2023.csv",NA,"2023",25.3056088741505,-3.76883413196633,56.3451694876477
"biomass_production_-3.80262030031161_38.9840862551152_2023.csv",NA,"2023",72.7281467867818,-3.80262030031161,38.9840862551152
"biomass_production_-3.808640436365_41.7305516115218_2023.csv",NA,"2023",62.3484301167074,-3.808640436365,41.7305516115218
"biomass_production_-3.89738807948037_39.4287383011947_2023.csv",NA,"2023",71.2540409229146,-3.89738807948037,39.4287383011947
"biomass_production_-3.91090841410501_42.173727153822_2023.csv",NA,"2023",58.5533585486209,-3.91090841410501,42.173727153822
"biomass_production_-3.99396690216402_39.8730185630834_2023.csv",NA,"2023",70.7807934419123,-3.99396690216402,39.8730185630834
"biomass_production_-4.0152172322221_42.616560551114_2023.csv",NA,"2023",58.1425703982524,-4.0152172322221,42.616560551114
"biomass_production_-4.09240318325539_40.3169300180224_2023.csv",NA,"2023",66.4931050242903,-4.09240318325539,40.3169300180224
"biomass_production_-4.1310892329662_48.0837704344168_2023.csv",NA,"2023",49.9225654107962,-4.1310892329662,48.0837704344168
"biomass_production_-4.19274500575524_40.7604754698238_2023.csv",NA,"2023",65.2162796680192,-4.19274500575524,40.7604754698238
"biomass_production_-4.257003643341_48.5240866270706_2023.csv",NA,"2023",49.8491602123362,-4.257003643341,48.5240866270706
"biomass_production_-4.29504219338377_41.2036575429994_2023.csv",NA,"2023",64.3089982231972,-4.29504219338377,41.2036575429994
"biomass_production_-4.36901572476405_38.9006846386716_2023.csv",NA,"2023",72.4080100663025,-4.36901572476405,38.9006846386716
"biomass_production_-4.39934638700371_41.6464786765062_2023.csv",NA,"2023",64.6151524251232,-4.39934638700371,41.6464786765062
"biomass_production_-4.46742750434945_39.3446790390408_2023.csv",NA,"2023",70.6025528780747,-4.46742750434945,39.3446790390408
"biomass_production_-4.50571112508498_42.0889411170857_2023.csv",NA,"2023",62.0494174278054,-4.50571112508498,42.0889411170857
"biomass_production_-4.5677147208803_39.788288820655_2023.csv",NA,"2023",70.525054465315,-4.5677147208803,39.788288820655
"biomass_production_-4.61419192845586_42.5310469121736_2023.csv",NA,"2023",57.6523704151333,-4.61419192845586,42.5310469121736
"biomass_production_-4.73574147451345_37.9261415091553_2023.csv",NA,"2023",75.4567452290612,-4.73574147451345,37.9261415091553
"biomass_production_-4.77410854006138_40.6743649447964_2023.csv",NA,"2023",65.1699952797111,-4.77410854006138,40.6743649447964
"biomass_production_-4.88031602949787_41.1168360277816_2023.csv",NA,"2023",66.3318087204558,-4.88031602949787,41.1168360277816
"biomass_production_-4.98860088108921_41.5589319598427_2023.csv",NA,"2023",65.7390843381734,-4.98860088108921,41.5589319598427
"biomass_production_-5.09468799209839_36.9493635127378_2023.csv",NA,"2023",76.4227343841285,-5.09468799209839,36.9493635127378
"biomass_production_-5.09901823551428_42.0006546129027_2023.csv",NA,"2023",62.6604324029166,-5.09901823551428,42.0006546129027
"biomass_production_-5.14012829450502_39.7001997182697_2023.csv",NA,"2023",69.6686016179683,-5.14012829450502,39.7001997182697
"biomass_production_-5.21162526313727_42.4420056462763_2023.csv",NA,"2023",61.2245237161351,-5.21162526313727,42.4420056462763
"biomass_production_-5.46413279618309_41.0265803578752_2023.csv",NA,"2023",67.1418297937815,-5.46413279618309,41.0265803578752
"biomass_production_-5.49798791810041_38.7239585217435_2023.csv",NA,"2023",73.2835263998708,-5.49798791810041,38.7239585217435
"biomass_production_-5.57635441989185_41.4679252883422_2023.csv",NA,"2023",67.3662345910218,-5.57635441989185,41.4679252883422
"biomass_production_-5.69077892166161_41.9088819051021_2023.csv",NA,"2023",65.7933886571808,-5.69077892166161,41.9088819051021
"biomass_production_-5.95337593873881_38.1883499462065_2023.csv",NA,"2023",73.5893983121371,-5.95337593873881,38.1883499462065
"biomass_production_-6.06048305423437_38.630658116161_2023.csv",NA,"2023",73.5098752556684,-6.06048305423437,38.630658116161
"biomass_production_-6.16255875598467_41.373472913922_2023.csv",NA,"2023",64.9866365708493,-6.16255875598467,41.373472913922
"biomass_production_-6.19136740342734_36.7651281417951_2023.csv",NA,"2023",78.585621352825,-6.19136740342734,36.7651281417951
"biomass_production_-8.17569207836888_37.7856034674229_2023.csv",NA,"2023",76.5931402601831,-8.17569207836888,37.7856034674229
"biomass_production_0.0450183513374809_47.6358912957024_2023.csv",NA,"2023",47.1533213896826,0.0450183513374809,47.6358912957024
"biomass_production_0.0636232126609343_44.0087621368582_2023.csv",NA,"2023",53.3462927220282,0.0636232126609343,44.0087621368582
"biomass_production_0.130783795040995_47.190461219929_2023.csv",NA,"2023",47.7835817301515,0.130783795040995,47.190461219929
"biomass_production_0.140644765825135_43.5621278788541_2023.csv",NA,"2023",55.4813136719674,0.140644765825135,43.5621278788541
"biomass_production_0.214692117677679_46.7448305599348_2023.csv",NA,"2023",49.0259005210654,0.214692117677679,46.7448305599348
"biomass_production_0.296799423635825_46.298995413821_2023.csv",NA,"2023",49.4493360786503,0.296799423635825,46.298995413821
"biomass_production_0.377159538926738_45.8529517464371_2023.csv",NA,"2023",49.474643945347,0.377159538926738,45.8529517464371
"biomass_production_0.423078284785135_52.650391532822_2023.csv",NA,"2023",41.8020766606985,0.423078284785135,52.650391532822
"biomass_production_0.455824123934251_45.4066953948592_2023.csv",NA,"2023",49.928825860457,0.455824123934251,45.4066953948592
"biomass_production_0.519556619113266_52.2055037897954_2023.csv",NA,"2023",42.5678282765263,0.519556619113266,52.2055037897954
"biomass_production_0.539918144801739_48.5857868638722_2023.csv",NA,"2023",44.8031487761338,0.539918144801739,48.5857868638722
"biomass_production_0.608263147159702_44.5135273787485_2023.csv",NA,"2023",52.8962883073625,0.608263147159702,44.5135273787485
"biomass_production_0.613697622696733_51.7604832930947_2023.csv",NA,"2023",42.8296452522779,0.613697622696733,51.7604832930947
"biomass_production_0.623799165013012_48.1401421965252_2023.csv",NA,"2023",45.2771865727318,0.623799165013012,48.1401421965252
"biomass_production_0.682131002827297_44.0666067935441_2023.csv",NA,"2023",53.4180798062269,0.682131002827297,44.0666067935441
"biomass_production_0.70558185301741_51.3153268906344_2023.csv",NA,"2023",43.9616375672587,0.70558185301741,51.3153268906344
"biomass_production_0.705826201859073_47.6943180022665_2023.csv",NA,"2023",46.8144218879389,0.705826201859073,47.6943180022665
"biomass_production_0.754490346162962_43.6194556912717_2023.csv",NA,"2023",55.5930074558362,0.754490346162962,43.6194556912717
"biomass_production_0.786056706198043_47.2483102404933_2023.csv",NA,"2023",47.4954587618637,0.786056706198043,47.2483102404933
"biomass_production_0.86454574087502_46.8021147424179_2023.csv",NA,"2023",48.7966447132279,0.86454574087502,46.8021147424179
"biomass_production_1.02966497632152_41.828449951843_2023.csv",NA,"2023",64.1250584286689,1.02966497632152,41.828449951843
"biomass_production_1.05203734282513_49.5332732670968_2023.csv",NA,"2023",44.4816495161138,1.05203734282513,49.5332732670968
"biomass_production_1.09508518777022_41.3800732830717_2023.csv",NA,"2023",67.4522567290479,1.09508518777022,41.3800732830717
"biomass_production_1.13372392753606_49.0873842606086_2023.csv",NA,"2023",44.4989164184201,1.13372392753606,49.0873842606086
"biomass_production_1.15725706061254_52.7071871296156_2023.csv",NA,"2023",41.8527217630588,1.15725706061254,52.7071871296156
"biomass_production_1.21356640185859_48.6413370747193_2023.csv",NA,"2023",44.8533435938741,1.21356640185859,48.6413370747193
"biomass_production_1.24652982972617_52.2616472882548_2023.csv",NA,"2023",42.4102636957005,1.24652982972617,52.2616472882548
"biomass_production_1.29162339926501_48.195127508865_2023.csv",NA,"2023",45.2314118390682,1.29162339926501,48.195127508865
"biomass_production_1.30172077606558_44.1207509892169_2023.csv",NA,"2023",53.5390604859814,1.30172077606558,44.1207509892169
"biomass_production_1.36795105732954_47.7487512402478_2023.csv",NA,"2023",46.667009761135,1.36795105732954,47.7487512402478
"biomass_production_1.36938439803977_43.6731148999898_2023.csv",NA,"2023",55.781691418422,1.36938439803977,43.6731148999898
"biomass_production_1.4356742127157_43.2252536904467_2023.csv",NA,"2023",54.488934286148,1.4356742127157,43.2252536904467
"biomass_production_1.44260314759478_47.3022038292655_2023.csv",NA,"2023",47.103673413222,1.44260314759478,47.3022038292655
"biomass_production_1.51563119743431_46.8554807245418_2023.csv",NA,"2023",48.9613965298951,1.51563119743431,46.8554807245418
"biomass_production_1.66181322129273_50.0321228885008_2023.csv",NA,"2023",46.2649821968197,1.66181322129273,50.0321228885008
"biomass_production_1.73913309596728_49.5858250105665_2023.csv",NA,"2023",44.3840023335577,1.73913309596728,49.5858250105665
"biomass_production_1.81468639628585_49.1393861991723_2023.csv",NA,"2023",44.7289024917883,1.81468639628585,49.1393861991723
"biomass_production_1.88853011813251_48.6928019566352_2023.csv",NA,"2023",45.353383876331,1.88853011813251,48.6928019566352
"biomass_production_1.96071879681463_48.246067675291_2023.csv",NA,"2023",45.7681585121541,1.96071879681463,48.246067675291
"biomass_production_1.98526125909777_43.7230957776894_2023.csv",NA,"2023",55.9323328583717,1.98526125909777,43.7230957776894
"biomass_production_10.0505859798381_44.9365916327007_2023.csv",NA,"2023",56.2810868168918,10.0505859798381,44.9365916327007
"biomass_production_10.0509978908344_45.3872388345417_2023.csv",NA,"2023",52.4972023248451,10.0509978908344,45.3872388345417
"biomass_production_10.053665751317_48.0885517762493_2023.csv",NA,"2023",37.9912267237862,10.053665751317,48.0885517762493
"biomass_production_10.0541459496407_48.5384080060577_2023.csv",NA,"2023",38.2899866613912,10.0541459496407,48.5384080060577
"biomass_production_10.0546371941394_48.9881794056385_2023.csv",NA,"2023",39.1174366217664,10.0546371941394,48.9881794056385
"biomass_production_10.055139851542_49.4378730070015_2023.csv",NA,"2023",39.0825604227615,10.055139851542,49.4378730070015
"biomass_production_10.055654305339_49.887495841408_2023.csv",NA,"2023",38.9130181577277,10.055654305339,49.887495841408
"biomass_production_10.0561809567449_50.3370549403241_2023.csv",NA,"2023",34.3730303990346,10.0561809567449,50.3370549403241
"biomass_production_10.0572725521149_51.2360100642716_2023.csv",NA,"2023",37.2145457059863,10.0572725521149,51.2360100642716
"biomass_production_10.0578383967686_51.6854201618026_2023.csv",NA,"2023",36.9173392556659,10.0578383967686,51.6854201618026
"biomass_production_10.0602469853193_53.4827751634899_2023.csv",NA,"2023",38.9057044914618,10.0602469853193,53.4827751634899
"biomass_production_10.0608881647625_53.932077848799_2023.csv",NA,"2023",38.5517458238544,10.0608881647625,53.932077848799
"biomass_production_10.0615461474103_54.3813802474313_2023.csv",NA,"2023",38.703941786063,10.0615461474103,54.3813802474313
"biomass_production_10.0629151543277_55.2800125377755_2023.csv",NA,"2023",34.7898498805406,10.0629151543277,55.2800125377755
"biomass_production_10.0643596268924_56.1787288527103_2023.csv",NA,"2023",31.5116977033809,10.0643596268924,56.1787288527103
"biomass_production_10.0651120882412_56.6281363290766_2023.csv",NA,"2023",30.050873157751,10.0651120882412,56.6281363290766
"biomass_production_10.0658858123596_57.0775862109488_2023.csv",NA,"2023",30.91215639145,10.0658858123596,57.0775862109488
"biomass_production_10.6668983301609_43.5816216334309_2023.csv",NA,"2023",61.0171541376405,10.6668983301609,43.5816216334309
"biomass_production_10.6774505676033_44.4836109798891_2023.csv",NA,"2023",56.4685582479725,10.6774505676033,44.4836109798891
"biomass_production_10.6828944957767_44.934378988718_2023.csv",NA,"2023",56.4323060226093,10.6828944957767,44.934378988718
"biomass_production_10.6884547563226_45.3850053166624_2023.csv",NA,"2023",51.2093058671264,10.6884547563226,45.3850053166624
"biomass_production_10.7309490863618_48.5360144589493_2023.csv",NA,"2023",39.77440457508,10.7309490863618,48.5360144589493
"biomass_production_10.7375801323293_48.9857608118772_2023.csv",NA,"2023",38.8163317637312,10.7375801323293,48.9857608118772
"biomass_production_10.7443652181638_49.435428765173_2023.csv",NA,"2023",38.4549442025174,10.7443652181638,49.435428765173
"biomass_production_10.751309519003_49.885025329637_2023.csv",NA,"2023",38.240034283546,10.751309519003,49.885025329637
"biomass_production_10.7584184491213_50.3345575153273_2023.csv",NA,"2023",34.1608458372634,10.7584184491213,50.3345575153273
"biomass_production_10.7731531343169_51.2334567922745_2023.csv",NA,"2023",37.1127072420618,10.7731531343169,51.2334567922745
"biomass_production_10.788617923835_52.1321826955164_2023.csv",NA,"2023",38.2911498231829,10.788617923835,52.1321826955164
"biomass_production_10.7966406141253_52.5814981745902_2023.csv",NA,"2023",38.6641719309179,10.7966406141253,52.5814981745902
"biomass_production_10.8048662927925_53.0307913693984_2023.csv",NA,"2023",38.9315843748017,10.8048662927925,53.0307913693984
"biomass_production_10.813302498277_53.4800693095594_2023.csv",NA,"2023",38.5783181238379,10.813302498277,53.4800693095594
"biomass_production_10.8219571519924_53.929339030955_2023.csv",NA,"2023",38.6161069722349,10.8219571519924,53.929339030955
"biomass_production_11.2648227465196_42.6732199431993_2023.csv",NA,"2023",64.9329061156778,11.2648227465196,42.6732199431993
"biomass_production_11.3046371790052_44.4776394783048_2023.csv",NA,"2023",57.3482122468638,11.3046371790052,44.4776394783048
"biomass_production_11.3151190717735_44.9283518703812_2023.csv",NA,"2023",56.8491477547829,11.3151190717735,44.9283518703812
"biomass_production_11.3258249005873_45.3789213498802_2023.csv",NA,"2023",51.3591851263939,11.3258249005873,45.3789213498802
"biomass_production_11.3951624444697_48.0797295352482_2023.csv",NA,"2023",38.8740023714626,11.3951624444697,48.0797295352482
"biomass_production_11.4076424219074_48.5294946749556_2023.csv",NA,"2023",39.4801523141431,11.4076424219074,48.5294946749556
"biomass_production_11.4204093670276_48.9791728184844_2023.csv",NA,"2023",38.7694719378293,11.4204093670276,48.9791728184844
"biomass_production_11.4468426818276_49.8782959497166_2023.csv",NA,"2023",35.9394007069213,11.4468426818276,49.8782959497166
"biomass_production_11.4745439321424_50.7771545581346_2023.csv",NA,"2023",37.5098298247353,11.4745439321424,50.7771545581346
"biomass_production_11.488897623029_51.2265020384862_2023.csv",NA,"2023",38.0406165535749,11.488897623029,51.2265020384862
"biomass_production_11.5036024608235_51.6758042316541_2023.csv",NA,"2023",37.2294215318652,11.5036024608235,51.6758042316541
"biomass_production_11.518670987857_52.1250680834617_2023.csv",NA,"2023",38.7771340085246,11.518670987857,52.1250680834617
"biomass_production_11.5341163602867_52.5743005399723_2023.csv",NA,"2023",38.5369006889986,11.5341163602867,52.5743005399723
"biomass_production_11.5499523859528_53.0235085481447_2023.csv",NA,"2023",38.9281516184381,11.5499523859528,53.0235085481447
"biomass_production_11.5661935650767_53.4726990564662_2023.csv",NA,"2023",38.0795958724244,11.5661935650767,53.4726990564662
"biomass_production_11.5828551340506_53.9218790155631_2023.csv",NA,"2023",38.8214554926763,11.5828551340506,53.9218790155631
"biomass_production_11.6175043546061_54.8202351027674_2023.csv",NA,"2023",36.9625398215901,11.6175043546061,54.8202351027674
"biomass_production_11.6355266029806_55.2694251479518_2023.csv",NA,"2023",33.7328653690334,11.6355266029806,55.2694251479518
"biomass_production_11.6540385488793_55.7186324790922_2023.csv",NA,"2023",32.7366930680906,11.6540385488793,55.7186324790922
"biomass_production_11.8587401943154_42.2123633245875_2023.csv",NA,"2023",66.0685177395553,11.8587401943154,42.2123633245875
"biomass_production_11.8727351210055_42.6638144598064_2023.csv",NA,"2023",63.7890736619971,11.8727351210055,42.6638144598064
"biomass_production_11.8870169365624_43.1150856512302_2023.csv",NA,"2023",59.0014319315582,11.8870169365624,43.1150856512302
"biomass_production_11.9316673562369_44.4678898491115_2023.csv",NA,"2023",57.8160522450674,11.9316673562369,44.4678898491115
"biomass_production_11.9471820730073_44.9185114689699_2023.csv",NA,"2023",57.2602904421266,11.9471820730073,44.9185114689699
"biomass_production_11.9630281180832_45.3689881669129_2023.csv",NA,"2023",52.844794561503,11.9630281180832,45.3689881669129
"biomass_production_11.9792155029163_45.8193269021441_2023.csv",NA,"2023",44.2565119383418,11.9792155029163,45.8193269021441
"biomass_production_12.0841244215947_48.5188502323011_2023.csv",NA,"2023",39.3495576785957,12.0841244215947,48.5188502323011
"biomass_production_12.1030197578639_48.968417062352_2023.csv",NA,"2023",38.4105483498071,12.1030197578639,48.968417062352
"biomass_production_12.1831376955866_50.7659259139736_2023.csv",NA,"2023",38.0833981639302,12.1831376955866,50.7659259139736
"biomass_production_12.2043801930452_51.2151477775282_2023.csv",NA,"2023",38.8293340329015,12.2043801930452,51.2151477775282
"biomass_production_12.2261420787429_51.6643211852005_2023.csv",NA,"2023",39.0630688276695,12.2261420787429,51.6643211852005
"biomass_production_12.2484418895284_52.1134529685_2023.csv",NA,"2023",38.1775248520826,12.2484418895284,52.1134529685
"biomass_production_12.2712990685553_52.5625499535807_2023.csv",NA,"2023",37.8027591886818,12.2712990685553,52.5625499535807
"biomass_production_12.2947340211099_53.0116189615515_2023.csv",NA,"2023",37.9860282292201,12.2947340211099,53.0116189615515
"biomass_production_12.3187681746221_53.4606668087389_2023.csv",NA,"2023",37.6267415057939,12.3187681746221,53.4606668087389
"biomass_production_12.3434240432278_53.9097003068981_2023.csv",NA,"2023",38.1012452779928,12.3434240432278,53.9097003068981
"biomass_production_12.4437551643942_41.7479003943594_2023.csv",NA,"2023",68.4596082710182,12.4437551643942,41.7479003943594
"biomass_production_12.461914787193_42.1994277571473_2023.csv",NA,"2023",64.1929159928232,12.461914787193,42.1994277571473
"biomass_production_12.4993521232978_43.101921460216_2023.csv",NA,"2023",58.6134732300347,12.4993521232978,43.101921460216
"biomass_production_12.5383518518891_44.0037136165891_2023.csv",NA,"2023",57.3068423821328,12.5383518518891,44.0037136165891
"biomass_production_12.6214143689135_45.805414997281_2023.csv",NA,"2023",50.0945634019717,12.6214143689135,45.805414997281
"biomass_production_12.6300644782383_58.4007415197451_2023.csv",NA,"2023",16.0194286348278,12.6300644782383,58.4007415197451
"biomass_production_12.7358427735486_48.0545780380259_2023.csv",NA,"2023",39.064045931194,12.7358427735486,48.0545780380259
"biomass_production_12.7602938030312_48.5040837053384_2023.csv",NA,"2023",38.7034227637443,12.7602938030312,48.5040837053384
"biomass_production_12.7853064310986_48.9534962134714_2023.csv",NA,"2023",37.70669615624,12.7853064310986,48.9534962134714
"biomass_production_12.8913580018423_50.7503494997592_2023.csv",NA,"2023",37.1582888315333,12.8913580018423,50.7503494997592
"biomass_production_12.9194753741513_51.1993972298896_2023.csv",NA,"2023",37.820678033514,12.9194753741513,51.1993972298896
"biomass_production_12.9482797045738_51.6483921157494_2023.csv",NA,"2023",38.8269089200904,12.9482797045738,51.6483921157494
"biomass_production_12.9777954834412_52.0973408307512_2023.csv",NA,"2023",37.9958545445791,12.9777954834412,52.0973408307512
"biomass_production_13.0080483968302_52.5462500352272_2023.csv",NA,"2023",37.5243026624927,13.0080483968302,52.5462500352272
"biomass_production_13.0708747969006_53.4439764874551_2023.csv",NA,"2023",37.2335828409897,13.0708747969006,53.4439764874551
"biomass_production_13.1035063242314_53.892806988562_2023.csv",NA,"2023",37.9069037554079,13.1035063242314,53.892806988562
"biomass_production_13.1354210982896_43.5359137074545_2023.csv",NA,"2023",60.0936372876441,13.1354210982896,43.5359137074545
"biomass_production_13.1369912439284_54.341624485079_2023.csv",NA,"2023",38.8185278687638,13.1369912439284,54.341624485079
"biomass_production_13.2429039749125_55.6880647758179_2023.csv",NA,"2023",32.1796446389805,13.2429039749125,55.6880647758179
"biomass_production_13.2632756052183_45.7876221073232_2023.csv",NA,"2023",50.2765443401196,13.2632756052183,45.7876221073232
"biomass_production_13.4056324520987_48.0358856223946_2023.csv",NA,"2023",39.589764391618,13.4056324520987,48.0358856223946
"biomass_production_13.419610697402_37.6406424651104_2023.csv",NA,"2023",73.2642402972375,13.419610697402,37.6406424651104
"biomass_production_13.4360496565033_48.4851986605936_2023.csv",NA,"2023",38.6143382682998,13.4360496565033,48.4851986605936
"biomass_production_13.4828127929828_58.3814786752903_2023.csv",NA,"2023",14.6176623716506,13.4828127929828,58.3814786752903
"biomass_production_13.4990012972721_49.3835381521991_2023.csv",NA,"2023",33.7212002996664,13.4990012972721,49.3835381521991
"biomass_production_13.5990843809884_50.7304296092249_2023.csv",NA,"2023",32.5208117213404,13.5990843809884,50.7304296092249
"biomass_production_13.6340582203292_51.1792548563276_2023.csv",NA,"2023",36.5464439115271,13.6340582203292,51.1792548563276
"biomass_production_13.7231197510007_43.0645769410327_2023.csv",NA,"2023",61.3656213282673,13.7231197510007,43.0645769410327
"biomass_production_13.7828013920276_52.9740360086592_2023.csv",NA,"2023",36.4944283765251,13.7828013920276,52.9740360086592
"biomass_production_13.8223626120269_53.4226335226139_2023.csv",NA,"2023",36.7841804040989,13.8223626120269,53.4226335226139
"biomass_production_13.8629451780843_53.8712047153521_2023.csv",NA,"2023",37.6563892363007,13.8629451780843,53.8712047153521
"biomass_production_13.9813108807908_37.6187428892277_2023.csv",NA,"2023",72.7886297289706,13.9813108807908,37.6187428892277
"biomass_production_14.0362953555161_55.6653528138237_2023.csv",NA,"2023",33.1425726572049,14.0362953555161,55.6653528138237
"biomass_production_14.0749256162584_48.0131209672441_2023.csv",NA,"2023",38.6818337027705,14.0749256162584,48.0131209672441
"biomass_production_14.1865521396016_49.3600535958201_2023.csv",NA,"2023",36.4807909244317,14.1865521396016,49.3600535958201
"biomass_production_14.225503100042_49.8088416549564_2023.csv",NA,"2023",38.2008999928421,14.225503100042,49.8088416549564
"biomass_production_14.2653742209526_50.2575455889465_2023.csv",NA,"2023",36.9543500991229,14.2653742209526,50.2575455889465
"biomass_production_14.2696154600196_42.1389762422933_2023.csv",NA,"2023",62.7892490587184,14.2696154600196,42.1389762422933
"biomass_production_14.3480044772658_51.1547263501289_2023.csv",NA,"2023",36.1109197473297,14.3480044772658,51.1547263501289
"biomass_production_14.5131341795981_37.1403267860894_2023.csv",NA,"2023",72.6329574391695,14.5131341795981,37.1403267860894
"biomass_production_14.5257977461926_52.9483545149544_2023.csv",NA,"2023",37.2124650923042,14.5257977461926,52.9483545149544
"biomass_production_14.5426766904103_37.59352311286_2023.csv",NA,"2023",71.7150145510164,14.5426766904103,37.59352311286
"biomass_production_14.5730817366892_53.3966448425997_2023.csv",NA,"2023",37.4639377787152,14.5730817366892,53.3966448425997
"biomass_production_14.7436258173721_47.9862894096947_2023.csv",NA,"2023",37.9312190935113,14.7436258173721,47.9862894096947
"biomass_production_14.800399136882_41.2098563347667_2023.csv",NA,"2023",63.6988790718082,14.800399136882,41.2098563347667
"biomass_production_14.8355280515044_41.6608451244296_2023.csv",NA,"2023",63.876868777287,14.8355280515044,41.6608451244296
"biomass_production_14.8734448074105_49.3323745977694_2023.csv",NA,"2023",34.722421287678,14.8734448074105,49.3323745977694
"biomass_production_14.9187413127255_49.7808665380881_2023.csv",NA,"2023",38.1292347344825,14.9187413127255,49.7808665380881
"biomass_production_14.9651064989288_50.2292671461575_2023.csv",NA,"2023",37.5087749564354,14.9651064989288,50.2292671461575
"biomass_production_15.0611907476358_51.1258186272592_2023.csv",NA,"2023",34.8626905104586,15.0611907476358,51.1258186272592
"biomass_production_15.1851449524791_58.3268675830951_2023.csv",NA,"2023",14.3987280557608,15.1851449524791,58.3268675830951
"biomass_production_15.2679113018026_52.9180899786263_2023.csv",NA,"2023",36.8695829978027,15.2679113018026,52.9180899786263
"biomass_production_15.3182674709657_59.2234297900289_2023.csv",NA,"2023",12.5142000436989,15.3182674709657,59.2234297900289
"biomass_production_15.322883447187_53.3660188607814_2023.csv",NA,"2023",34.438363262934,15.322883447187,53.3660188607814
"biomass_production_15.3792706326557_53.8139037090305_2023.csv",NA,"2023",35.4359750051372,15.3792706326557,53.8139037090305
"biomass_production_15.3929494662409_41.1794299138893_2023.csv",NA,"2023",65.3147845758314,15.3929494662409,41.1794299138893
"biomass_production_15.4323775006111_41.6301603144698_2023.csv",NA,"2023",66.2959093306262,15.4323775006111,41.6301603144698
"biomass_production_15.4598350383528_48.4038828422516_2023.csv",NA,"2023",39.860435685551,15.4598350383528,48.4038828422516
"biomass_production_15.5091348944252_48.8522511698318_2023.csv",NA,"2023",37.9064092884693,15.5091348944252,48.8522511698318
"biomass_production_15.5595731314794_49.300508154173_2023.csv",NA,"2023",33.1659530127097,15.5595731314794,49.300508154173
"biomass_production_15.6111876579978_49.7486596925483_2023.csv",NA,"2023",32.6889614631198,15.6111876579978,49.7486596925483
"biomass_production_15.6640181152395_50.1967116303861_2023.csv",NA,"2023",36.5383876551412,15.6640181152395,50.1967116303861
"biomass_production_15.7734946536345_51.0925398144408_2023.csv",NA,"2023",33.8572827006736,15.7734946536345,51.0925398144408
"biomass_production_15.8302296101716_51.5403274727882_2023.csv",NA,"2023",38.3905141714868,15.8302296101716,51.5403274727882
"biomass_production_15.8883584836999_51.9880383496382_2023.csv",NA,"2023",38.330464983984,15.8883584836999,51.9880383496382
"biomass_production_15.9236699147721_46.5752574784042_2023.csv",NA,"2023",43.4352191110956,15.9236699147721,46.5752574784042
"biomass_production_15.9421015007637_40.6948020925302_2023.csv",NA,"2023",65.8283605328175,15.9421015007637,40.6948020925302
"biomass_production_15.9479312161425_52.4356779959922_2023.csv",NA,"2023",37.2131982505917,15.9479312161425,52.4356779959922
"biomass_production_15.9742667842862_47.0237966599917_2023.csv",NA,"2023",43.1236572296084,15.9742667842862,47.0237966599917
"biomass_production_15.9849580063443_41.1454739115185_2023.csv",NA,"2023",66.0320997475215,15.9849580063443,41.1454739115185
"biomass_production_16.1329392821099_48.3685790124736_2023.csv",NA,"2023",43.7156371697582,16.1329392821099,48.3685790124736
"biomass_production_16.1358495670703_53.7782240252007_2023.csv",NA,"2023",33.9270615182503,16.1358495670703,53.7782240252007
"biomass_production_16.18824803687_48.8165806836386_2023.csv",NA,"2023",40.8850879853922,16.18824803687,48.8165806836386
"biomass_production_16.2017483685434_54.2256328502191_2023.csv",NA,"2023",33.7566321108224,16.2017483685434,54.2256328502191
"biomass_production_16.2448318809816_49.2644622940962_2023.csv",NA,"2023",34.4504604129047,16.2448318809816,49.2644622940962
"biomass_production_16.3027331752472_49.7122294488573_2023.csv",NA,"2023",33.9735393635833,16.3027331752472,49.7122294488573
"biomass_production_16.3619962111403_50.1598876878135_2023.csv",NA,"2023",34.6859189657226,16.3619962111403,50.1598876878135
"biomass_production_16.4226673210662_50.6074424829339_2023.csv",NA,"2023",30.9040782499947,16.4226673210662,50.6074424829339
"biomass_production_16.4832017709637_40.2070300532344_2023.csv",NA,"2023",65.7717345358912,16.4832017709637,40.2070300532344
"biomass_production_16.4847949962607_51.0548992352005_2023.csv",NA,"2023",37.2644165560255,16.4847949962607,51.0548992352005
"biomass_production_16.5293286562935_40.6576328986015_2023.csv",NA,"2023",66.3175847152735,16.5293286562935,40.6576328986015
"biomass_production_16.5484300129482_51.5022632712573_2023.csv",NA,"2023",39.2254412103929,16.5484300129482,51.5022632712573
"biomass_production_16.5732296038623_46.5374100901233_2023.csv",NA,"2023",49.9741958167062,16.5732296038623,46.5374100901233
"biomass_production_16.6136255674399_51.9495398397545_2023.csv",NA,"2023",38.3184745701687,16.6136255674399,51.9495398397545
"biomass_production_16.6293024996128_46.9855767083291_2023.csv",NA,"2023",49.3624229178403,16.6293024996128,46.9855767083291
"biomass_production_16.6804374209158_52.3967341073583_2023.csv",NA,"2023",37.4568188756523,16.6804374209158,52.3967341073583
"biomass_production_16.6866179049786_47.4335917203209_2023.csv",NA,"2023",48.0903210096035,16.6866179049786,47.4335917203209
"biomass_production_16.745215121276_47.8814606959079_2023.csv",NA,"2023",47.0716966065049,16.745215121276,47.8814606959079
"biomass_production_16.7489240547088_52.8438511544015_2023.csv",NA,"2023",35.2498666221865,16.7489240547088,52.8438511544015
"biomass_production_16.8051351614353_48.3291891369133_2023.csv",NA,"2023",42.7922647068222,16.8051351614353,48.3291891369133
"biomass_production_16.819146836985_53.2908959701424_2023.csv",NA,"2023",32.417962568786,16.819146836985,53.2908959701424
"biomass_production_16.8664208431354_48.776782474608_2023.csv",NA,"2023",41.3598902849554,16.8664208431354,48.776782474608
"biomass_production_16.9291168880862_49.2242460669082_2023.csv",NA,"2023",40.1699929842539,16.9291168880862,49.2242460669082
"biomass_production_16.9650618416445_54.1847883779275_2023.csv",NA,"2023",30.9803217894097,16.9650618416445,54.1847883779275
"biomass_production_16.9932700279328_49.6715851953171_2023.csv",NA,"2023",35.0924014919464,16.9932700279328,49.6715851953171
"biomass_production_17.1159182420395_40.6169741834048_2023.csv",NA,"2023",68.542045164048,17.1159182420395,40.6169741834048
"biomass_production_17.1261452545538_50.5659107841136_2023.csv",NA,"2023",33.4557369236948,17.1261452545538,50.5659107841136
"biomass_production_17.1497993505095_59.5924394309614_2023.csv",NA,"2023",12.7171330542763,17.1497993505095,59.5924394309614
"biomass_production_17.1617120683893_46.0477198277669_2023.csv",NA,"2023",51.681222986641,17.1617120683893,46.0477198277669
"biomass_production_17.1949719108612_51.0129073939407_2023.csv",NA,"2023",38.4595115574675,17.1949719108612,51.0129073939407
"biomass_production_17.2219116336596_46.4956423947394_2023.csv",NA,"2023",51.141448267125,17.2219116336596,46.4956423947394
"biomass_production_17.265465068282_51.4597998305128_2023.csv",NA,"2023",38.143784375632,17.265465068282,51.4597998305128
"biomass_production_17.2834308025325_46.94339864196_2023.csv",NA,"2023",48.7743320127061,17.2834308025325,46.94339864196
"biomass_production_17.3376833675699_51.9065929369849_2023.csv",NA,"2023",37.7125837972573,17.3376833675699,51.9065929369849
"biomass_production_17.3463107330986_47.3909939190291_2023.csv",NA,"2023",47.7801603803947,17.3463107330986,47.3909939190291
"biomass_production_17.410594352038_47.8384334976922_2023.csv",NA,"2023",46.6295905853771,17.410594352038,47.8384334976922
"biomass_production_17.4116882665244_52.3532914551565_2023.csv",NA,"2023",36.0688396243238,17.4116882665244,52.3532914551565
"biomass_production_17.4763264494379_48.2857225688441_2023.csv",NA,"2023",42.3888072279087,17.4763264494379,48.2857225688441
"biomass_production_17.4875442097653_52.7999000199633_2023.csv",NA,"2023",34.5231722499744,17.4875442097653,52.7999000199633
"biomass_production_17.5435537797715_48.7328662392715_2023.csv",NA,"2023",41.5026418175172,17.5435537797715,48.7328662392715
"biomass_production_17.565318810899_53.2464231534941_2023.csv",NA,"2023",34.506126325722,17.565318810899,53.2464231534941
"biomass_production_17.6123251695093_49.179869528113_2023.csv",NA,"2023",37.9225989151208,17.6123251695093,49.179869528113
"biomass_production_17.6450830481405_53.6928652584927_2023.csv",NA,"2023",31.9069682343254,17.6450830481405,53.6928652584927
"biomass_production_17.6826916318726_49.6267373630152_2023.csv",NA,"2023",35.3848640772382,17.6826916318726,49.6267373630152
"biomass_production_17.7547064892856_50.073474575962_2023.csv",NA,"2023",33.2943345882437,17.7547064892856,50.073474575962
"biomass_production_17.8041327783384_46.0024787323193_2023.csv",NA,"2023",51.7851872118456,17.8041327783384,46.0024787323193
"biomass_production_17.8108824442237_54.5855233541852_2023.csv",NA,"2023",31.1812360386266,17.8108824442237,54.5855233541852
"biomass_production_17.8284255041323_50.5200858987516_2023.csv",NA,"2023",38.4082920059699,17.8284255041323,50.5200858987516
"biomass_production_17.8696326565356_46.4499633187531_2023.csv",NA,"2023",50.914994106219,17.8696326565356,46.4499633187531
"biomass_production_17.9365655934116_46.8972717034415_2023.csv",NA,"2023",49.1636130514774,17.9365655934116,46.8972717034415
"biomass_production_17.9812121034807_51.4129492702958_2023.csv",NA,"2023",38.0428424724179,17.9812121034807,51.4129492702958
"biomass_production_18.0049761576689_47.3444089260638_2023.csv",NA,"2023",47.1617100198079,18.0049761576689,47.3444089260638
"biomass_production_18.0604047192683_51.8592102355058_2023.csv",NA,"2023",37.8161924555417,18.0604047192683,51.8592102355058
"biomass_production_18.0749108264767_47.7913799352685_2023.csv",NA,"2023",46.0169860235613,18.0749108264767,47.7913799352685
"biomass_production_18.1415518861642_52.3053631314753_2023.csv",NA,"2023",36.4418887623962,18.1415518861642,52.3053631314753
"biomass_production_18.1464180873375_48.2381895849814_2023.csv",NA,"2023",43.690362622919,18.1464180873375,48.2381895849814
"biomass_production_18.2247238681825_52.7514121068013_2023.csv",NA,"2023",35.2048962634613,18.2247238681825,52.7514121068013
"biomass_production_18.3084644038626_45.0587718923384_2023.csv",NA,"2023",56.0243723989109,18.3084644038626,45.0587718923384
"biomass_production_18.309994369841_53.1973611736056_2023.csv",NA,"2023",34.9659803835879,18.309994369841,53.1973611736056
"biomass_production_18.3762766677942_45.506170406105_2023.csv",NA,"2023",54.7418613627591,18.3762766677942,45.506170406105
"biomass_production_18.4455439459379_45.9533723342548_2023.csv",NA,"2023",54.5186711369973,18.4455439459379,45.9533723342548
"biomass_production_18.4492194390712_50.0239081187157_2023.csv",NA,"2023",37.6156781416069,18.4492194390712,50.0239081187157
"biomass_production_18.4871442359073_54.0889748994917_2023.csv",NA,"2023",32.5263689971484,18.4871442359073,54.0889748994917
"biomass_production_18.5163103551096_46.4003825814754_2023.csv",NA,"2023",51.8082738485571,18.5163103551096,46.4003825814754
"biomass_production_18.5293953383133_50.4699801653947_2023.csv",NA,"2023",37.1508156763848,18.5293953383133,50.4699801653947
"biomass_production_18.5886218575634_46.8472059552324_2023.csv",NA,"2023",50.4613440548574,18.5886218575634,46.8472059552324
"biomass_production_18.611483572561_50.9159177384227_2023.csv",NA,"2023",37.0991451340666,18.611483572561,50.9159177384227
"biomass_production_18.6625263570012_47.2938471619747_2023.csv",NA,"2023",47.2556183061055,18.6625263570012,47.2938471619747
"biomass_production_18.6955501757831_51.3617248963199_2023.csv",NA,"2023",37.875276518674,18.6955501757831,51.3617248963199
"biomass_production_18.7380738006302_47.7403108030318_2023.csv",NA,"2023",46.5241172150744,18.7380738006302,47.7403108030318
"biomass_production_18.7816642922389_51.807405560079_2023.csv",NA,"2023",36.8326742692543,18.7816642922389,51.807405560079
"biomass_production_18.8153162877154_48.1866013701819_2023.csv",NA,"2023",42.0660302679326,18.8153162877154,48.1866013701819
"biomass_production_18.8698983598206_52.2529635056838_2023.csv",NA,"2023",36.1309673247068,18.8698983598206,52.2529635056838
"biomass_production_18.9386460748397_45.0067980370751_2023.csv",NA,"2023",56.1642289131455,18.9386460748397,45.0067980370751
"biomass_production_18.960328306458_52.6984023560199_2023.csv",NA,"2023",36.1915179254647,18.960328306458,52.6984023560199
"biomass_production_19.011476796791_45.453708088723_2023.csv",NA,"2023",55.7607018552046,19.011476796791,45.453708088723
"biomass_production_19.0530337606786_53.1437255721282_2023.csv",NA,"2023",34.5298202635578,19.0530337606786,53.1437255721282
"biomass_production_19.085866903582_45.9004107780189_2023.csv",NA,"2023",54.4310748854183,19.085866903582,45.9004107780189
"biomass_production_19.1423606622793_49.9701186220582_2023.csv",NA,"2023",35.0685326478496,19.1423606622793,49.9701186220582
"biomass_production_19.1480982775177_53.588936443743_2023.csv",NA,"2023",31.1562027156868,19.1480982775177,53.588936443743
"biomass_production_19.1618635241753_46.3469106816625_2023.csv",NA,"2023",51.7614143114617,19.1618635241753,46.3469106816625
"biomass_production_19.2289437012238_50.4156070048789_2023.csv",NA,"2023",35.3862202897916,19.2289437012238,50.4156070048789
"biomass_production_19.2395157512683_46.793212265607_2023.csv",NA,"2023",50.5033319506199,19.2395157512683,46.793212265607
"biomass_production_19.2456095810892_54.0340380790549_2023.csv",NA,"2023",31.0247785513142,19.2456095810892,54.0340380790549
"biomass_production_19.3175866006254_50.8609466675428_2023.csv",NA,"2023",36.1064459174098,19.3175866006254,50.8609466675428
"biomass_production_19.3188747429492_47.2393198805733_2023.csv",NA,"2023",49.3488169538103,19.3188747429492,47.2393198805733
"biomass_production_19.3999938307211_47.6852377572134_2023.csv",NA,"2023",46.3528615803724,19.3999938307211,47.6852377572134
"biomass_production_19.4083602219648_51.3061411774928_2023.csv",NA,"2023",36.0162895335225,19.4083602219648,51.3061411774928
"biomass_production_19.5013387487904_51.751193941879_2023.csv",NA,"2023",36.1337738867377,19.5013387487904,51.751193941879
"biomass_production_19.522425819176_40.8679594507942_2023.csv",NA,"2023",69.3701935571584,19.522425819176,40.8679594507942
"biomass_production_19.5677350579547_44.9510489671538_2023.csv",NA,"2023",54.9524284427832,19.5677350579547,44.9510489671538
"biomass_production_19.5965998813943_52.1961081987635_2023.csv",NA,"2023",36.4170845382668,19.5965998813943,52.1961081987635
"biomass_production_19.6455484406137_45.3974363860605_2023.csv",NA,"2023",55.4901122677536,19.6455484406137,45.3974363860605
"biomass_production_19.6942250452606_52.640887007626_2023.csv",NA,"2023",35.0941131315819,19.6942250452606,52.640887007626
"biomass_production_19.7250241161034_45.8436049485376_2023.csv",NA,"2023",54.6149534056277,19.7250241161034,45.8436049485376
"biomass_production_19.7942996144264_53.0855332391136_2023.csv",NA,"2023",32.1651527077929,19.7942996144264,53.0855332391136
"biomass_production_19.8062121499136_46.2895588831727_2023.csv",NA,"2023",51.9610730913071,19.8062121499136,46.2895588831727
"biomass_production_19.8340245607614_49.912120041942_2023.csv",NA,"2023",36.6019807119079,19.8340245607614,49.912120041942
"biomass_production_19.8891646848766_46.7353022935418_2023.csv",NA,"2023",51.289869842894,19.8891646848766,46.7353022935418
"biomass_production_19.896913151005_53.5300495639693_2023.csv",NA,"2023",29.9437415206293,19.896913151005,53.5300495639693
"biomass_production_19.9269613418055_50.3569808984474_2023.csv",NA,"2023",34.7578689005779,19.9269613418055,50.3569808984474
"biomass_production_19.9739360481305_47.1808391529994_2023.csv",NA,"2023",49.4841696048638,19.9739360481305,47.1808391529994
"biomass_production_2.04691744496395_43.2747912478107_2023.csv",NA,"2023",56.5565755571097,2.04691744496395,43.2747912478107
"biomass_production_2.16786569159566_46.9049169727855_2023.csv",NA,"2023",47.7463368367019,2.16786569159566,46.9049169727855
"biomass_production_2.20943431699886_50.9742800941013_2023.csv",NA,"2023",44.057756981883,2.20943431699886,50.9742800941013
"biomass_production_2.28385418575365_50.5277058870445_2023.csv",NA,"2023",43.2744058815251,2.28385418575365,50.5277058870445
"biomass_production_2.3565357321237_50.0810124324339_2023.csv",NA,"2023",43.285885432379,2.3565357321237,50.0810124324339
"biomass_production_2.42753652653467_49.6341950365988_2023.csv",NA,"2023",43.3325216550044,2.42753652653467,49.6341950365988
"biomass_production_2.49691159232891_49.1872489037153_2023.csv",NA,"2023",43.6923632549964,2.49691159232891,49.1872489037153
"biomass_production_2.63099271549194_48.2929507608435_2023.csv",NA,"2023",45.1783266951407,2.63099271549194,48.2929507608435
"biomass_production_2.69579728296023_47.8455886893282_2023.csv",NA,"2023",46.0768629291413,2.69579728296023,47.8455886893282
"biomass_production_2.75917337635604_47.3980777654573_2023.csv",NA,"2023",46.2457166162547,2.75917337635604,47.3980777654573
"biomass_production_2.82116518662221_46.9504127468159_2023.csv",NA,"2023",47.1881212685389,2.82116518662221,46.9504127468159
"biomass_production_2.91857600323854_51.019918026237_2023.csv",NA,"2023",44.6511381568093,2.91857600323854,51.019918026237
"biomass_production_2.98633368199453_50.572844663295_2023.csv",NA,"2023",43.2280148472676,2.98633368199453,50.572844663295
"biomass_production_20.0021596622393_53.9744384410693_2023.csv",NA,"2023",29.865562513326,20.0021596622393,53.9744384410693
"biomass_production_20.0221030404907_50.8016777767383_2023.csv",NA,"2023",36.5039194061614,20.0221030404907,50.8016777767383
"biomass_production_20.0605828647395_47.6261732990754_2023.csv",NA,"2023",47.4954191603024,20.0605828647395,47.6261732990754
"biomass_production_20.1195252020589_51.2462137213396_2023.csv",NA,"2023",36.5090501594994,20.1195252020589,51.2462137213396
"biomass_production_20.1956595926485_44.891535535889_2023.csv",NA,"2023",55.3018483600205,20.1956595926485,44.891535535889
"biomass_production_20.2193068955319_51.6905915924225_2023.csv",NA,"2023",36.0766456995217,20.2193068955319,51.6905915924225
"biomass_production_20.2784175965726_45.337366522487_2023.csv",NA,"2023",55.0532979972792,20.2784175965726,45.337366522487
"biomass_production_20.3215309188946_52.1348140556339_2023.csv",NA,"2023",35.7654172189109,20.3215309188946,52.1348140556339
"biomass_production_20.3629392536293_45.7829664567015_2023.csv",NA,"2023",54.2402407911346,20.3629392536293,45.7829664567015
"biomass_production_20.4262840186839_52.5788835711324_2023.csv",NA,"2023",35.2181666353951,20.4262840186839,52.5788835711324
"biomass_production_20.449277486227_46.2283391996843_2023.csv",NA,"2023",53.0543340705147,20.449277486227,46.2283391996843
"biomass_production_20.5241073602517_49.8499273359395_2023.csv",NA,"2023",36.7776437955675,20.5241073602517,49.8499273359395
"biomass_production_20.5336571251624_53.0228023817666_2023.csv",NA,"2023",32.0063755024795,20.5336571251624,53.0228023817666
"biomass_production_20.537487402819_46.6734884726186_2023.csv",NA,"2023",51.4247220674738,20.537487402819,46.6734884726186
"biomass_production_20.6233409376747_50.2941173643303_2023.csv",NA,"2023",36.5859289225325,20.6233409376747,50.2941173643303
"biomass_production_20.6276264098218_47.1184178507572_2023.csv",NA,"2023",49.7017369987486,20.6276264098218,47.1184178507572
"biomass_production_20.7197543304476_47.5631307570223_2023.csv",NA,"2023",48.0253432084359,20.7197543304476,47.5631307570223
"biomass_production_20.7249218707301_50.7381271711591_2023.csv",NA,"2023",36.4435322406404,20.7249218707301,50.7381271711591
"biomass_production_20.7566495284748_53.9101956957623_2023.csv",NA,"2023",29.5574491874349,20.7566495284748,53.9101956957623
"biomass_production_20.8139335309525_48.0076304551334_2023.csv",NA,"2023",42.5850508082031,20.8139335309525,48.0076304551334
"biomass_production_20.8223490735386_44.8282692635815_2023.csv",NA,"2023",55.3003065592515,20.8223490735386,44.8282692635815
"biomass_production_20.9100114754406_45.2735104107606_2023.csv",NA,"2023",54.9426110750939,20.9100114754406,45.2735104107606
"biomass_production_20.9102290548368_48.4519200422311_2023.csv",NA,"2023",38.5551888042235,20.9102290548368,48.4519200422311
"biomass_production_20.9995372616141_45.7185076239968_2023.csv",NA,"2023",54.5111142472723,20.9995372616141,45.7185076239968
"biomass_production_21.0087087655829_48.8960024409569_2023.csv",NA,"2023",31.9672659290503,21.0087087655829,48.8960024409569
"biomass_production_21.0445683672644_52.0690991155771_2023.csv",NA,"2023",35.1843535906146,21.0445683672644,52.0690991155771
"biomass_production_21.090982128044_46.1632643785191_2023.csv",NA,"2023",52.3260563100085,21.090982128044,46.1632643785191
"biomass_production_21.1563777354967_52.5124107941548_2023.csv",NA,"2023",34.8158131463916,21.1563777354967,52.5124107941548
"biomass_production_21.1844040603628_46.60778399399_2023.csv",NA,"2023",51.2551795620776,21.1844040603628,46.60778399399
"biomass_production_21.2125072228002_49.783556439729_2023.csv",NA,"2023",36.8394671628979,21.2125072228002,49.783556439729
"biomass_production_21.2709742202461_52.9555524910792_2023.csv",NA,"2023",32.4944964673714,21.2709742202461,52.9555524910792
"biomass_production_21.2798634503575_47.0520696277678_2023.csv",NA,"2023",49.6517934910509,21.2798634503575,47.0520696277678
"biomass_production_21.3179772133407_50.227032932867_2023.csv",NA,"2023",37.8009515236207,21.3179772133407,50.227032932867
"biomass_production_21.3604990876125_41.128668881782_2023.csv",NA,"2023",54.9440338024146,21.3604990876125,41.128668881782
"biomass_production_21.3672712197852_56.1261506958225_2023.csv",NA,"2023",27.3810703438026,21.3672712197852,56.1261506958225
"biomass_production_21.3774232196224_47.4961242676824_2023.csv",NA,"2023",48.6122773375769,21.3774232196224,47.4961242676824
"biomass_production_21.4259342350231_50.6703120034834_2023.csv",NA,"2023",36.6349963012194,21.4259342350231,50.6703120034834
"biomass_production_21.4477341118369_44.7612623228797_2023.csv",NA,"2023",54.2606830130241,21.4477341118369,44.7612623228797
"biomass_production_21.4771489508682_47.9399507242917_2023.csv",NA,"2023",45.5450930409363,21.4771489508682,47.9399507242917
"biomass_production_21.499472314343_56.5689138148155_2023.csv",NA,"2023",27.1761452161263,21.499472314343,56.5689138148155
"biomass_production_21.5089373158258_53.8413309347627_2023.csv",NA,"2023",28.915629167758,21.5089373158258,53.8413309347627
"biomass_production_21.5364627385497_51.1133955609196_2023.csv",NA,"2023",35.483383429099,21.5364627385497,51.1133955609196
"biomass_production_21.5402585656293_45.2058806366394_2023.csv",NA,"2023",54.4934640949719,21.5402585656293,45.2058806366394
"biomass_production_21.5791090274406_48.3835516225795_2023.csv",NA,"2023",41.5623589901412,21.5791090274406,48.3835516225795
"biomass_production_21.6325209964133_54.2839694689143_2023.csv",NA,"2023",28.1187251409493,21.6325209964133,54.2839694689143
"biomass_production_21.6347444279187_45.6502414663219_2023.csv",NA,"2023",52.9897346848515,21.6347444279187,45.6502414663219
"biomass_production_21.6496510698017_51.5562852785824_2023.csv",NA,"2023",35.3606452079086,21.6496510698017,51.5562852785824
"biomass_production_21.6833747816425_48.8269293930547_2023.csv",NA,"2023",35.034817118247,21.6833747816425,48.8269293930547
"biomass_production_21.7655916934464_51.9989825808719_2023.csv",NA,"2023",33.9729087581976,21.7655916934464,51.9989825808719
"biomass_production_21.7791955092522_40.1669468573015_2023.csv",NA,"2023",64.552414042325,21.7791955092522,40.1669468573015
"biomass_production_21.829836296966_46.5382027884559_2023.csv",NA,"2023",50.9280522212601,21.829836296966,46.5382027884559
"biomass_production_21.8843814319718_52.4414886291229_2023.csv",NA,"2023",33.4352706739527,21.8843814319718,52.4414886291229
"biomass_production_21.8991243537365_49.7130242422733_2023.csv",NA,"2023",30.6855888919568,21.8991243537365,49.7130242422733
"biomass_production_21.9305663538747_46.9818089014923_2023.csv",NA,"2023",50.6184930311253,21.9305663538747,46.9818089014923
"biomass_production_22.0061217213867_52.8838043064771_2023.csv",NA,"2023",31.4756226484104,22.0061217213867,52.8838043064771
"biomass_production_22.0107670525174_50.1557451202541_2023.csv",NA,"2023",37.4183970734304,22.0107670525174,50.1557451202541
"biomass_production_22.0231003308198_55.6108864763819_2023.csv",NA,"2023",25.3280271463706,22.0231003308198,55.6108864763819
"biomass_production_22.033506168372_47.4251687560168_2023.csv",NA,"2023",49.2051046461572,22.033506168372,47.4251687560168
"biomass_production_22.123572020508_41.95026099244_2023.csv",NA,"2023",55.2658828263934,22.123572020508,41.95026099244
"biomass_production_22.1309188849411_53.3259302016005_2023.csv",NA,"2023",29.3229412170088,22.1309188849411,53.3259302016005
"biomass_production_22.1387244293489_47.8682846893266_2023.csv",NA,"2023",46.8918250218692,22.1387244293489,47.8682846893266
"biomass_production_22.1603331954025_56.0528584217628_2023.csv",NA,"2023",22.697128880285,22.1603331954025,56.0528584217628
"biomass_production_22.2420125350981_51.0405415202527_2023.csv",NA,"2023",35.3683621175952,22.2420125350981,51.0405415202527
"biomass_production_22.2462927427594_48.3111588334737_2023.csv",NA,"2023",39.8167662243101,22.2462927427594,48.3111588334737
"biomass_production_22.2588844263408_53.7678665911458_2023.csv",NA,"2023",26.5247073049457,22.2588844263408,53.7678665911458
"biomass_production_22.2717948663454_39.6491772679118_2023.csv",NA,"2023",68.8910471974001,22.2717948663454,39.6491772679118
"biomass_production_22.301318103434_56.4946621222844_2023.csv",NA,"2023",20.9323284080962,22.301318103434,56.4946621222844
"biomass_production_22.3576438401899_40.0952271558056_2023.csv",NA,"2023",66.7550919821745,22.3576438401899,40.0952271558056
"biomass_production_22.3617967000975_51.4826193796969_2023.csv",NA,"2023",35.2532265295809,22.3617967000975,51.4826193796969
"biomass_production_22.3901353440756_54.2096134208555_2023.csv",NA,"2023",26.3516443185462,22.3901353440756,54.2096134208555
"biomass_production_22.4462054974494_56.9362961224099_2023.csv",NA,"2023",21.2231105019613,22.4462054974494,56.9362961224099
"biomass_production_22.4844830733417_51.9244847837544_2023.csv",NA,"2023",33.4425781695326,22.4844830733417,51.9244847837544
"biomass_production_22.5343761132007_40.9863292318342_2023.csv",NA,"2023",64.7302707144217,22.5343761132007,40.9863292318342
"biomass_production_22.5942973982309_44.1725139490748_2023.csv",NA,"2023",53.8941668070367,22.5942973982309,44.1725139490748
"biomass_production_22.6629908244829_55.092536405339_2023.csv",NA,"2023",26.6434521346405,22.6629908244829,55.092536405339
"biomass_production_22.6879215333767_47.3502799145106_2023.csv",NA,"2023",48.6828813515445,22.6879215333767,47.3502799145106
"biomass_production_22.7016096042898_50.080272401008_2023.csv",NA,"2023",37.5815537836601,22.7016096042898,50.080272401008
"biomass_production_22.7389734961686_52.8075797786156_2023.csv",NA,"2023",30.0198205025171,22.7389734961686,52.8075797786156
"biomass_production_22.7985757693823_47.792648596776_2023.csv",NA,"2023",46.2601647796234,22.7985757693823,47.792648596776
"biomass_production_22.8048600191127_55.5337106055153_2023.csv",NA,"2023",23.2724525400393,22.8048600191127,55.5337106055153
"biomass_production_22.8221156671729_50.5219616621672_2023.csv",NA,"2023",35.6033120336523,22.8221156671729,50.5219616621672
"biomass_production_22.8709953724493_53.2488093519672_2023.csv",NA,"2023",28.8698265705857,22.8709953724493,53.2488093519672
"biomass_production_22.8745808171024_60.5471582531802_2023.csv",NA,"2023",6.89567508182623,22.8745808171024,60.5471582531802
"biomass_production_22.9092564300471_42.7646413323318_2023.csv",NA,"2023",47.1231449191677,22.9092564300471,42.7646413323318
"biomass_production_22.9454719865753_50.9634170092162_2023.csv",NA,"2023",34.3654074047565,22.9454719865753,50.9634170092162
"biomass_production_22.9505446611786_55.9746912873082_2023.csv",NA,"2023",21.328645177676,22.9505446611786,55.9746912873082
"biomass_production_23.0063556959185_53.6898263974299_2023.csv",NA,"2023",27.8433292303081,23.0063556959185,53.6898263974299
"biomass_production_23.0514190364619_60.9883973247134_2023.csv",NA,"2023",4.64194643349442,23.0514190364619,60.9883973247134
"biomass_production_23.0717754788918_51.4046388167394_2023.csv",NA,"2023",34.7991178414427,23.0717754788918,51.4046388167394
"biomass_production_23.100194810593_56.4154764019922_2023.csv",NA,"2023",20.3930541389976,23.100194810593,56.4154764019922
"biomass_production_23.1081981090959_43.651902113217_2023.csv",NA,"2023",56.5786180610462,23.1081981090959,43.651902113217
"biomass_production_23.1194976121637_40.9099691578619_2023.csv",NA,"2023",65.1314406932552,23.1194976121637,40.9099691578619
"biomass_production_23.2011275203622_51.8456271518238_2023.csv",NA,"2023",32.7688539579908,23.2011275203622,51.8456271518238
"biomass_production_23.2107330282696_44.0950684577713_2023.csv",NA,"2023",57.147571486796,23.2107330282696,44.0950684577713
"biomass_production_23.2539684632016_56.8560634205624_2023.csv",NA,"2023",21.7081611542499,23.2539684632016,56.8560634205624
"biomass_production_23.2875880221259_54.5712189541909_2023.csv",NA,"2023",26.0758630665571,23.2875880221259,54.5712189541909
"biomass_production_23.3153881462749_44.5379286752241_2023.csv",NA,"2023",53.3403166958322,23.3153881462749,44.5379286752241
"biomass_production_23.4337237285054_55.011591487148_2023.csv",NA,"2023",25.8528370741534,23.4337237285054,55.011591487148
"biomass_production_23.4694065996959_52.7269020304654_2023.csv",NA,"2023",30.0193630727287,23.4694065996959,52.7269020304654
"biomass_production_23.5170788761997_50.4414657748607_2023.csv",NA,"2023",35.3860200685706,23.5170788761997,50.4414657748607
"biomass_production_23.5837260626721_55.451745484906_2023.csv",NA,"2023",22.5539073289412,23.5837260626721,55.451745484906
"biomass_production_23.6467360947429_50.8820429033628_2023.csv",NA,"2023",34.5755404376035,23.6467360947429,50.8820429033628
"biomass_production_23.7033406788652_40.8301644727679_2023.csv",NA,"2023",65.0159177403821,23.7033406788652,40.8301644727679
"biomass_production_23.718614941853_43.5715209598319_2023.csv",NA,"2023",57.9623933673455,23.718614941853,43.5715209598319
"biomass_production_23.7377442015315_55.8916783377743_2023.csv",NA,"2023",21.3201103647181,23.7377442015315,55.8916783377743
"biomass_production_23.7564665791692_46.3063488136458_2023.csv",NA,"2023",44.0350862917409,23.7564665791692,46.3063488136458
"biomass_production_23.8256482518859_44.0139677661922_2023.csv",NA,"2023",56.1223745834518,23.8256482518859,44.0139677661922
"biomass_production_23.8726870151819_46.7477069101312_2023.csv",NA,"2023",43.5171783462451,23.8726870151819,46.7477069101312
"biomass_production_23.8959350526391_56.3313869349724_2023.csv",NA,"2023",20.2262442745054,23.8959350526391,56.3313869349724
"biomass_production_23.9348878553461_44.4560932835725_2023.csv",NA,"2023",54.1092460224292,23.9348878553461,44.4560932835725
"biomass_production_24.0475662825405_54.4866146122473_2023.csv",NA,"2023",25.2347280429899,24.0475662825405,54.4866146122473
"biomass_production_24.2015294732583_54.9259407104553_2023.csv",NA,"2023",24.126656559623,24.2015294732583,54.9259407104553
"biomass_production_24.3274987826668_43.487528849503_2023.csv",NA,"2023",58.8214306750779,24.3274987826668,43.487528849503
"biomass_production_24.3595473501064_55.3650204298515_2023.csv",NA,"2023",22.5850430632918,24.3595473501064,55.3650204298515
"biomass_production_24.4389823152617_43.9292265808184_2023.csv",NA,"2023",56.9443059739648,24.4389823152617,43.9292265808184
"biomass_production_24.5164789183818_46.661954907885_2023.csv",NA,"2023",44.7634115778511,24.5164789183818,46.661954907885
"biomass_production_24.5217752922974_55.8038501133674_2023.csv",NA,"2023",20.546166901842,24.5217752922974,55.8038501133674
"biomass_production_24.5527563840328_44.3705873124107_2023.csv",NA,"2023",54.0441423384064,24.5527563840328,44.3705873124107
"biomass_production_24.6007421031342_42.075050142519_2023.csv",NA,"2023",51.9491939115328,24.6007421031342,42.075050142519
"biomass_production_24.6883766612566_56.242425550974_2023.csv",NA,"2023",19.376212131069,24.6883766612566,56.242425550974
"biomass_production_24.7098862136371_42.5170369892175_2023.csv",NA,"2023",53.9469305128762,24.7098862136371,42.5170369892175
"biomass_production_24.9084866497762_45.6926593957874_2023.csv",NA,"2023",29.2066998299971,24.9084866497762,45.6926593957874
"biomass_production_24.9347919424665_43.3999405431928_2023.csv",NA,"2023",59.0714030972003,24.9347919424665,43.3999405431928
"biomass_production_24.9662666176457_54.8356135650574_2023.csv",NA,"2023",22.2850779163044,24.9662666176457,54.8356135650574
"biomass_production_25.0506759210763_43.8408601440607_2023.csv",NA,"2023",56.7763720621504,25.0506759210763,43.8408601440607
"biomass_production_25.1321775348504_55.2735661405123_2023.csv",NA,"2023",21.4609494336006,25.1321775348504,55.2735661405123
"biomass_production_25.1689327769675_44.281426504313_2023.csv",NA,"2023",53.823660895529,25.1689327769675,44.281426504313
"biomass_production_25.1938051674264_41.9862048757029_2023.csv",NA,"2023",61.1644089913894,25.1938051674264,41.9862048757029
"biomass_production_25.2161856181422_57.5565752122953_2023.csv",NA,"2023",15.1596221083946,25.2161856181422,57.5565752122953
"biomass_production_25.2896296949686_44.7216404779581_2023.csv",NA,"2023",53.1181854835519,25.2896296949686,44.7216404779581
"biomass_production_25.3024864822208_55.7112385870945_2023.csv",NA,"2023",21.1288433545473,25.3024864822208,55.7112385870945
"biomass_production_25.3070680524182_42.4274326569172_2023.csv",NA,"2023",54.6756254164612,25.3070680524182,42.4274326569172
"biomass_production_25.4020925666117_57.9940791758449_2023.csv",NA,"2023",12.0105099994837,25.4020925666117,57.9940791758449
"biomass_production_25.4773628729001_56.1486255622833_2023.csv",NA,"2023",18.4796219111063,25.4773628729001,56.1486255622833
"biomass_production_25.5404381614483_43.3087713060067_2023.csv",NA,"2023",58.9240298253031,25.5404381614483,43.3087713060067
"biomass_production_25.6569848418317_56.5857210785601_2023.csv",NA,"2023",16.4968576617064,25.6569848418317,56.5857210785601
"biomass_production_25.6606712682669_43.748884216391_2023.csv",NA,"2023",58.3898793379644,25.6606712682669,43.748884216391
"biomass_production_25.7833576458245_44.188627134222_2023.csv",NA,"2023",55.2957889861384,25.7833576458245,44.188627134222
"biomass_production_25.7853137961656_41.8938757283817_2023.csv",NA,"2023",61.8353417676438,25.7853137961656,41.8938757283817
"biomass_production_25.790117364731_58.8682238040831_2023.csv",NA,"2023",10.0096652568157,25.790117364731,58.8682238040831
"biomass_production_25.9026481189768_42.3343178114313_2023.csv",NA,"2023",56.4713813194294,25.9026481189768,42.3343178114313
"biomass_production_25.9085663719757_44.6280004481655_2023.csv",NA,"2023",53.6622464240238,25.9085663719757,44.6280004481655
"biomass_production_25.9926944810816_59.3048467896519_2023.csv",NA,"2023",12.0433286055385,25.9926944810816,59.3048467896519
"biomass_production_26.0363691861949_45.067004274449_2023.csv",NA,"2023",51.2877238432636,26.0363691861949,45.067004274449
"biomass_production_26.1443826448172_43.2140368897427_2023.csv",NA,"2023",55.3058699216566,26.1443826448172,43.2140368897427
"biomass_production_26.209053336972_47.7932866539288_2023.csv",NA,"2023",43.5253279477382,26.209053336972,47.7932866539288
"biomass_production_26.2562045273234_41.3580417468159_2023.csv",NA,"2023",63.7752509082644,26.2562045273234,41.3580417468159
"biomass_production_26.262742498557_56.0500216956174_2023.csv",NA,"2023",17.6149659818955,26.262742498557,56.0500216956174
"biomass_production_26.2689120888759_43.6533150580712_2023.csv",NA,"2023",55.8383311944604,26.2689120888759,43.6533150580712
"biomass_production_26.3752186844415_41.7980774690757_2023.csv",NA,"2023",62.0267746488838,26.3752186844415,41.7980774690757
"biomass_production_26.3959732072949_44.09220599031_2023.csv",NA,"2023",55.1019753667475,26.3959732072949,44.09220599031
"biomass_production_26.426828718229_58.3310437528047_2023.csv",NA,"2023",10.8835282873843,26.426828718229,58.3310437528047
"biomass_production_26.4506919984244_56.4858412206281_2023.csv",NA,"2023",15.7871306482758,26.4506919984244,56.4858412206281
"biomass_production_26.4965758135677_42.2377076877987_2023.csv",NA,"2023",59.5689010528668,26.4965758135677,42.2377076877987
"biomass_production_26.5256368771744_44.5307096001953_2023.csv",NA,"2023",53.7247964756711,26.5256368771744,44.5307096001953
"biomass_production_26.575056467996_46.8193168072768_2023.csv",NA,"2023",45.2664031148917,26.575056467996,46.8193168072768
"biomass_production_26.6203386140747_42.6769329433825_2023.csv",NA,"2023",59.2702649172451,26.6203386140747,42.6769329433825
"biomass_production_26.6437735174388_56.9213277231448_2023.csv",NA,"2023",12.8564475649214,26.6437735174388,56.9213277231448
"biomass_production_26.6579766874065_44.9688255116793_2023.csv",NA,"2023",53.3651123290029,26.6579766874065,44.9688255116793
"biomass_production_26.7170081238559_47.2564645304898_2023.csv",NA,"2023",45.1339088316436,26.7170081238559,47.2564645304898
"biomass_production_26.7199835272357_40.8199739750183_2023.csv",NA,"2023",66.9733699698266,26.7199835272357,40.8199739750183
"biomass_production_26.746572095775_43.1157535150871_2023.csv",NA,"2023",56.5148931781084,26.746572095775,43.1157535150871
"biomass_production_26.8405530329304_41.2596107520008_2023.csv",NA,"2023",64.1792192210153,26.8405530329304,41.2596107520008
"biomass_production_26.8620477123243_47.6932370232405_2023.csv",NA,"2023",44.9589104599156,26.8620477123243,47.6932370232405
"biomass_production_26.8753436819655_43.5541694105185_2023.csv",NA,"2023",55.2461982000073,26.8753436819655,43.5541694105185
"biomass_production_26.9634718670347_41.6988252842712_2023.csv",NA,"2023",63.7487862231543,26.9634718670347,41.6988252842712
"biomass_production_27.0067233179401_43.9921803544685_2023.csv",NA,"2023",56.4983075364211,27.0067233179401,43.9921803544685
"biomass_production_27.0718322243121_46.2808386782275_2023.csv",NA,"2023",44.7347100191673,27.0718322243121,46.2808386782275
"biomass_production_27.1407835853022_44.4297857770675_2023.csv",NA,"2023",55.0678019348517,27.1407835853022,44.4297857770675
"biomass_production_27.2156712852632_46.7173937818755_2023.csv",NA,"2023",46.1212558419342,27.2156712852632,46.7173937818755
"biomass_production_27.2166073942756_42.5759888606758_2023.csv",NA,"2023",60.6364416173607,27.2166073942756,42.5759888606758
"biomass_production_27.2775998224269_44.8669848012091_2023.csv",NA,"2023",53.8000862667702,27.2775998224269,44.8669848012091
"biomass_production_27.3625997763083_47.1535544902555_2023.csv",NA,"2023",45.7427920366709,27.3625997763083,47.1535544902555
"biomass_production_27.4172502514504_45.303776229199_2023.csv",NA,"2023",51.5019138385242,27.4172502514504,45.303776229199
"biomass_production_27.4232525195015_41.1577662172088_2023.csv",NA,"2023",64.4736929912428,27.4232525195015,41.1577662172088
"biomass_production_27.4419420529938_56.8152607986688_2023.csv",NA,"2023",12.410852477154,27.4419420529938,56.8152607986688
"biomass_production_27.4799129445909_43.4514644773504_2023.csv",NA,"2023",55.9701434586786,27.4799129445909,43.4514644773504
"biomass_production_27.5500267440967_41.5961347622941_2023.csv",NA,"2023",63.4111413654774,27.5500267440967,41.5961347622941
"biomass_production_27.5598161121859_45.7401585285783_2023.csv",NA,"2023",51.4156969967157,27.5598161121859,45.7401585285783
"biomass_production_27.6155535059162_43.8885679824718_2023.csv",NA,"2023",56.0913830550366,27.6155535059162,43.8885679824718
"biomass_production_27.6271417323183_39.7372974590027_2023.csv",NA,"2023",68.1813364063081,27.6271417323183,39.7372974590027
"biomass_production_27.7053818033941_46.1761298170673_2023.csv",NA,"2023",49.49199348111,27.7053818033941,46.1761298170673
"biomass_production_27.7504719208264_40.1761613789375_2023.csv",NA,"2023",66.9097418769263,27.7504719208264,40.1761613789375
"biomass_production_27.7539506203573_44.3252473076187_2023.csv",NA,"2023",55.3889305653109,27.7539506203573,44.3252473076187
"biomass_production_27.8540350318662_46.611687846573_2023.csv",NA,"2023",47.3681039709872,27.8540350318662,46.611687846573
"biomass_production_27.8951812751383_44.7615010668026_2023.csv",NA,"2023",53.8074447433952,27.8951812751383,44.7615010668026
"biomass_production_28.0393253815796_45.1973275351991_2023.csv",NA,"2023",53.3107906302001,28.0393253815796,45.1973275351991
"biomass_production_28.0825683998348_43.3452179051468_2023.csv",NA,"2023",59.474310079209,28.0825683998348,43.3452179051468
"biomass_production_28.2224109995726_43.7813870838548_2023.csv",NA,"2023",57.0075602653649,28.2224109995726,43.7813870838548
"biomass_production_28.3650838847463_44.2171129854489_2023.csv",NA,"2023",55.9822056479786,28.3650838847463,44.2171129854489
"biomass_production_28.5106655903442_44.6523937081903_2023.csv",NA,"2023",56.4665370443556,28.5106655903442,44.6523937081903
"biomass_production_28.6592376103468_45.0872269932588_2023.csv",NA,"2023",53.8817610932211,28.6592376103468,45.0872269932588
"biomass_production_29.0668765520453_38.5352461665572_2023.csv",NA,"2023",70.0017409992509,29.0668765520453,38.5352461665572
"biomass_production_29.4936097346068_37.9842073668643_2023.csv",NA,"2023",72.8686880597838,29.4936097346068,37.9842073668643
"biomass_production_29.5976740773491_40.281313918331_2023.csv",NA,"2023",65.9646617975541,29.5976740773491,40.281313918331
"biomass_production_29.6235551684525_38.4211235208143_2023.csv",NA,"2023",71.0333627490702,29.6235551684525,38.4211235208143
"biomass_production_29.8907125173042_39.293396802012_2023.csv",NA,"2023",62.084004318899,29.8907125173042,39.293396802012
"biomass_production_29.9146470529011_37.4311833187653_2023.csv",NA,"2023",70.3481269070135,29.9146470529011,37.4311833187653
"biomass_production_3.0525053462382_50.1256640320032_2023.csv",NA,"2023",43.1911120915914,3.0525053462382,50.1256640320032
"biomass_production_3.11714367744_49.678371039773_2023.csv",NA,"2023",43.2152278294477,3.11714367744,49.678371039773
"biomass_production_3.18029901803295_49.2309605094038_2023.csv",NA,"2023",43.3315905214431,3.18029901803295,49.2309605094038
"biomass_production_3.24201949873585_48.7834271828848_2023.csv",NA,"2023",44.3644468933,3.24201949873585,48.7834271828848
"biomass_production_3.3023511576594_48.3357657248881_2023.csv",NA,"2023",44.951891429969,3.3023511576594,48.3357657248881
"biomass_production_3.36133805180487_47.8879707259728_2023.csv",NA,"2023",45.9421496935683,3.36133805180487,47.8879707259728
"biomass_production_3.4190223615139_47.4400367055233_2023.csv",NA,"2023",45.9911835754538,3.4190223615139,47.4400367055233
"biomass_production_3.68999267850974_50.6136883806504_2023.csv",NA,"2023",42.4968659602402,3.68999267850974,50.6136883806504
"biomass_production_3.74961293392352_50.1660659683404_2023.csv",NA,"2023",41.7487077524146,3.74961293392352,50.1660659683404
"biomass_production_3.80784911296356_49.7183417258008_2023.csv",NA,"2023",42.4741617032114,3.80784911296356,49.7183417258008
"biomass_production_3.86474677660784_49.27051012762_2023.csv",NA,"2023",43.0698454692535,3.86474677660784,49.27051012762
"biomass_production_3.92034947792537_48.8225655828064_2023.csv",NA,"2023",44.0580016184836,3.92034947792537,48.8225655828064
"biomass_production_3.97469887061569_48.3745024374651_2023.csv",NA,"2023",44.8619257302117,3.97469887061569,48.3745024374651
"biomass_production_30.0280428537241_39.7287523472775_2023.csv",NA,"2023",61.2413879143189,30.0280428537241,39.7287523472775
"biomass_production_30.045420523144_37.8677542100841_2023.csv",NA,"2023",70.6564919188621,30.045420523144,37.8677542100841
"biomass_production_30.1679565917424_40.1635856092809_2023.csv",NA,"2023",63.8595292868835,30.1679565917424,40.1635856092809
"biomass_production_30.3142124304467_38.7392900171735_2023.csv",NA,"2023",64.382147446718,30.3142124304467,38.7392900171735
"biomass_production_30.4523470976938_39.1742531735231_2023.csv",NA,"2023",61.7314212787779,30.4523470976938,39.1742531735231
"biomass_production_30.5930549676738_39.6086781581239_2023.csv",NA,"2023",62.2646395358919,30.5930549676738,39.6086781581239
"biomass_production_30.8707980665419_38.6178441174094_2023.csv",NA,"2023",64.8253949717436,30.8707980665419,38.6178441174094
"biomass_production_31.0122093272447_39.051873663995_2023.csv",NA,"2023",66.229030881586,31.0122093272447,39.051873663995
"biomass_production_31.1562442267211_39.4853476349489_2023.csv",NA,"2023",65.0864042622992,31.1562442267211,39.4853476349489
"biomass_production_31.4256285851478_38.4931982586668_2023.csv",NA,"2023",65.095040144611,31.4256285851478,38.4931982586668
"biomass_production_31.5702668740088_38.9262744776541_2023.csv",NA,"2023",69.1427635453306,31.5702668740088,38.9262744776541
"biomass_production_31.7175776353079_39.3587774572711_2023.csv",NA,"2023",66.1824297075903,31.7175776353079,39.3587774572711
"biomass_production_31.8335148881748_37.9326761546594_2023.csv",NA,"2023",63.0375421665301,31.8335148881748,37.9326761546594
"biomass_production_31.8676254860929_39.7907047323425_2023.csv",NA,"2023",63.5069846724301,31.8676254860929,39.7907047323425
"biomass_production_31.9786735447444_38.3653684156611_2023.csv",NA,"2023",69.4608839721511,31.9786735447444,38.3653684156611
"biomass_production_32.1264886877586_38.7974720534683_2023.csv",NA,"2023",69.0058901819016,32.1264886877586,38.7974720534683
"biomass_production_32.2770235292986_39.2289845432249_2023.csv",NA,"2023",67.0994762111898,32.2770235292986,39.2289845432249
"biomass_production_32.4303433540047_39.6599030087124_2023.csv",NA,"2023",63.4572121863102,32.4303433540047,39.6599030087124
"biomass_production_32.5299037439636_38.2343707797703_2023.csv",NA,"2023",67.2932159178967,32.5299037439636,38.2343707797703
"biomass_production_32.5865155982202_40.0902242096451_2023.csv",NA,"2023",60.0081861488161,32.5865155982202,40.0902242096451
"biomass_production_32.6808450055824_38.6654830504442_2023.csv",NA,"2023",68.6743102390485,32.6808450055824,38.6654830504442
"biomass_production_32.7794314873703_37.2381465831787_2023.csv",NA,"2023",56.8890761240347,32.7794314873703,37.2381465831787
"biomass_production_32.8345515811759_39.0959860342957_2023.csv",NA,"2023",65.9813076959258,32.8345515811759,39.0959860342957
"biomass_production_32.9280200560277_37.6694948406234_2023.csv",NA,"2023",70.8938441709977,32.9280200560277,37.6694948406234
"biomass_production_32.9910893598561_39.5258764435751_2023.csv",NA,"2023",63.370781311174,32.9910893598561,39.5258764435751
"biomass_production_33.1505263831329_39.9551506144365_2023.csv",NA,"2023",59.6245924625197,33.1505263831329,39.9551506144365
"biomass_production_33.2695938633224_35.240596050126_2023.csv",NA,"2023",76.5192293783693,33.2695938633224,35.240596050126
"biomass_production_33.3901328035312_38.9597992800787_2023.csv",NA,"2023",67.8084699751045,33.3901328035312,38.9597992800787
"biomass_production_33.626809281463_37.9629378932261_2023.csv",NA,"2023",71.2318434405782,33.626809281463,37.9629378932261
"biomass_production_33.7124795274159_39.8168510667754_2023.csv",NA,"2023",63.663304032039,33.7124795274159,39.8168510667754
"biomass_production_33.7838485606409_38.3920129559997_2023.csv",NA,"2023",70.4483679099554,33.7838485606409,38.3920129559997
"biomass_production_33.7965888081553_35.1030880774217_2023.csv",NA,"2023",76.9719575696851,33.7965888081553,35.1030880774217
"biomass_production_33.8187077566796_41.6659976822287_2023.csv",NA,"2023",50.7392695400651,33.8187077566796,41.6659976822287
"biomass_production_33.8781401975819_40.244419330011_2023.csv",NA,"2023",61.7956219203008,33.8781401975819,40.244419330011
"biomass_production_33.9437395508953_38.8204418230814_2023.csv",NA,"2023",65.4287505861326,33.9437395508953,38.8204418230814
"biomass_production_34.0468891377395_40.6713427707099_2023.csv",NA,"2023",59.5706901019329,34.0468891377395,40.6713427707099
"biomass_production_34.1724324498886_37.8225359813519_2023.csv",NA,"2023",61.7866833336632,34.1724324498886,37.8225359813519
"biomass_production_34.2723464570346_39.6753441301899_2023.csv",NA,"2023",61.526234415014,34.2723464570346,39.6753441301899
"biomass_production_34.3324427365232_38.2505661507747_2023.csv",NA,"2023",64.6485834255166,34.3324427365232,38.2505661507747
"biomass_production_34.4412027126693_40.1018081370003_2023.csv",NA,"2023",60.9525938449124,34.4412027126693,40.1018081370003
"biomass_production_34.4953455199582_38.6779313835915_2023.csv",NA,"2023",63.9158024372106,34.4953455199582,38.6779313835915
"biomass_production_34.6612081316383_39.1046271598918_2023.csv",NA,"2023",62.6937513290728,34.6612081316383,39.1046271598918
"biomass_production_34.8301000416333_39.5306485489159_2023.csv",NA,"2023",60.1491202697429,34.8301000416333,39.5306485489159
"biomass_production_35.0020929363455_39.955990194275_2023.csv",NA,"2023",55.5318648376553,35.0020929363455,39.955990194275
"biomass_production_35.177260799412_40.3806462984199_2023.csv",NA,"2023",59.0988797372,35.177260799412,40.3806462984199
"biomass_production_35.213785573901_38.9578816018973_2023.csv",NA,"2023",63.6985902344959,35.213785573901,38.9578816018973
"biomass_production_35.537429360168_41.2278763883314_2023.csv",NA,"2023",57.1408539686277,35.537429360168,41.2278763883314
"biomass_production_35.5607848270651_39.8069849471462_2023.csv",NA,"2023",59.240637987603,35.5607848270651,39.8069849471462
"biomass_production_35.5924566111829_38.3835232370076_2023.csv",NA,"2023",53.8899639625289,35.5924566111829,38.3835232370076
"biomass_production_35.7642575471576_38.8080022468435_2023.csv",NA,"2023",59.8403764755925,35.7642575471576,38.8080022468435
"biomass_production_35.9391658533529_39.231767236017_2023.csv",NA,"2023",49.3300268832328,35.9391658533529,39.231767236017
"biomass_production_36.4904310033757_39.077619751732_2023.csv",NA,"2023",48.4163614739328,36.4904310033757,39.077619751732
"biomass_production_36.6714768775901_39.4994910474826_2023.csv",NA,"2023",50.6097165718791,36.6714768775901,39.4994910474826
"biomass_production_38.130902824385_38.5965819293976_2023.csv",NA,"2023",67.6940373162677,38.130902824385,38.5965819293976
"biomass_production_4.02783481058564_47.9263149772388_2023.csv",NA,"2023",45.350869376388,4.02783481058564,47.9263149772388
"biomass_production_4.28478231748191_51.5460087493723_2023.csv",NA,"2023",42.2478046307333,4.28478231748191,51.5460087493723
"biomass_production_4.39471666855692_50.650225981298_2023.csv",NA,"2023",40.0655313501634,4.39471666855692,50.650225981298
"biomass_production_4.55015168720925_49.3058878628275_2023.csv",NA,"2023",41.2409870965241,4.55015168720925,49.3058878628275
"biomass_production_4.59960376094558_48.8575747981938_2023.csv",NA,"2023",43.6171621546696,4.59960376094558,48.8575747981938
"biomass_production_4.64793945036818_48.4091516943862_2023.csv",NA,"2023",44.8179160541985,4.64793945036818,48.4091516943862
"biomass_production_4.74140247114614_47.5119513659791_2023.csv",NA,"2023",43.2368130262362,4.74140247114614,47.5119513659791
"biomass_production_4.78659647011085_47.0631620248173_2023.csv",NA,"2023",45.0855555742564,4.78659647011085,47.0631620248173
"biomass_production_4.8740657305798_46.1651743661217_2023.csv",NA,"2023",47.9796644941117,4.8740657305798,46.1651743661217
"biomass_production_4.91639964883427_45.7159636718796_2023.csv",NA,"2023",48.4774564954425,4.91639964883427,45.7159636718796
"biomass_production_4.95783687178838_45.2666000811446_2023.csv",NA,"2023",48.6415693333305,4.95783687178838,45.2666000811446
"biomass_production_41.0221184884609_38.1459941673242_2023.csv",NA,"2023",70.2577328096121,41.0221184884609,38.1459941673242
"biomass_production_41.5553285354218_37.9632429907218_2023.csv",NA,"2023",71.546393484742,41.5553285354218,37.9632429907218
"biomass_production_41.9759491428434_38.7817246492773_2023.csv",NA,"2023",40.475716205466,41.9759491428434,38.7817246492773
"biomass_production_42.1917672403289_39.1895275397505_2023.csv",NA,"2023",38.7078004837914,42.1917672403289,39.1895275397505
"biomass_production_42.6348204020206_40.0021944747427_2023.csv",NA,"2023",24.7491138943788,42.6348204020206,40.0021944747427
"biomass_production_42.7297644666461_38.9997713326703_2023.csv",NA,"2023",38.9709936089726,42.7297644666461,38.9997713326703
"biomass_production_42.8622227894588_40.4070314119267_2023.csv",NA,"2023",25.9466712822693,42.8622227894588,40.4070314119267
"biomass_production_43.0936578434271_40.8108514724694_2023.csv",NA,"2023",15.0090696198464,43.0936578434271,40.8108514724694
"biomass_production_43.1777004112808_39.8096206587249_2023.csv",NA,"2023",29.9923891192212,43.1777004112808,39.8096206587249
"biomass_production_5.10038976549111_50.6824475313758_2023.csv",NA,"2023",39.1927280520845,5.10038976549111,50.6824475313758
"biomass_production_5.23640940367547_49.3370848279929_2023.csv",NA,"2023",40.0913107802179,5.23640940367547,49.3370848279929
"biomass_production_5.27968152448417_48.8884462602141_2023.csv",NA,"2023",42.5364423955386,5.27968152448417,48.8884462602141
"biomass_production_5.32197544852303_48.4397052310331_2023.csv",NA,"2023",42.2743066869861,5.32197544852303,48.4397052310331
"biomass_production_5.40375230954559_47.5418908196829_2023.csv",NA,"2023",44.0016317178676,5.40375230954559,47.5418908196829
"biomass_production_5.44329376634257_47.0928048637261_2023.csv",NA,"2023",44.9214229858572,5.44329376634257,47.0928048637261
"biomass_production_5.63793185669284_52.5043894295116_2023.csv",NA,"2023",42.438201888387,5.63793185669284,52.5043894295116
"biomass_production_5.92341453658905_49.3640931585124_2023.csv",NA,"2023",38.5409766285248,5.92341453658905,49.3640931585124
"biomass_production_5.96048095806644_48.9151723864909_2023.csv",NA,"2023",41.7186218742984,5.96048095806644,48.9151723864909
"biomass_production_6.16616264502207_46.2194077468292_2023.csv",NA,"2023",40.2891992715501,6.16616264502207,46.2194077468292
"biomass_production_6.44553020959439_51.6315791649248_2023.csv",NA,"2023",41.0236825381842,6.44553020959439,51.6315791649248
"biomass_production_6.48023547549038_51.1827725468153_2023.csv",NA,"2023",41.2131617777738,6.48023547549038,51.1827725468153
"biomass_production_6.51411370051276_50.7339084615649_2023.csv",NA,"2023",35.9291408313494,6.51411370051276,50.7339084615649
"biomass_production_6.57950013580625_49.8359817583383_2023.csv",NA,"2023",37.3054928767605,6.57950013580625,49.8359817583383
"biomass_production_6.61106077833704_49.3869060245984_2023.csv",NA,"2023",38.0861395654066,6.61106077833704,49.3869060245984
"biomass_production_6.64189938253488_48.937746592811_2023.csv",NA,"2023",41.0351273975394,6.64189938253488,48.937746592811
"biomass_production_6.67203934547175_48.4884968562318_2023.csv",NA,"2023",40.8103738962696,6.67203934547175,48.4884968562318
"biomass_production_6.78604619099105_46.6904620529475_2023.csv",NA,"2023",33.4488006214297,6.78604619099105,46.6904620529475
"biomass_production_7.04942458769448_53.4469597555718_2023.csv",NA,"2023",42.3587124800871,7.04942458769448,53.4469597555718
"biomass_production_7.07999137218505_52.9980743136917_2023.csv",NA,"2023",40.866558672749,7.07999137218505,52.9980743136917
"biomass_production_7.10979660521539_52.5491635472438_2023.csv",NA,"2023",40.886225158943,7.10979660521539,52.5491635472438
"biomass_production_7.16722995072708_51.6512393638844_2023.csv",NA,"2023",40.3442466257694,7.16722995072708,51.6512393638844
"biomass_production_7.32383337098594_48.9561633033336_2023.csv",NA,"2023",41.278248414547,7.32383337098594,48.9561633033336
"biomass_production_7.37136317576239_48.0571906139286_2023.csv",NA,"2023",42.0717827948819,7.37136317576239,48.0571906139286
"biomass_production_7.39433563052339_47.6075587028301_2023.csv",NA,"2023",40.203821033369,7.39433563052339,47.6075587028301
"biomass_production_7.41680186867082_47.1578206853687_2023.csv",NA,"2023",39.8660631488204,7.41680186867082,47.1578206853687
"biomass_production_7.4387775765862_46.7079697480281_2023.csv",NA,"2023",16.7277837358474,7.4387775765862,46.7079697480281
"biomass_production_7.52206655277387_44.9073000264754_2023.csv",NA,"2023",50.1030627500106,7.52206655277387,44.9073000264754
"biomass_production_7.82440456485077_53.013830732163_2023.csv",NA,"2023",40.0410616281662,7.82440456485077,53.013830732163
"biomass_production_7.86829691719702_52.1156136933061_2023.csv",NA,"2023",39.6427099385579,7.86829691719702,52.1156136933061
"biomass_production_7.88944062346176_51.6664573477923_2023.csv",NA,"2023",37.7482854933583,7.88944062346176,51.6664573477923
"biomass_production_7.96908635123708_49.8693532741839_2023.csv",NA,"2023",38.8104951073143,7.96908635123708,49.8693532741839
"biomass_production_7.98784753550637_49.4199232815918_2023.csv",NA,"2023",40.4289258196991,7.98784753550637,49.4199232815918
"biomass_production_8.00617887183336_48.9704179592667_2023.csv",NA,"2023",42.06783470758,8.00617887183336,48.9704179592667
"biomass_production_8.07547595449796_47.1715056345607_2023.csv",NA,"2023",33.3663767176274,8.07547595449796,47.1715056345607
"biomass_production_8.153933953878_44.920342114692_2023.csv",NA,"2023",54.0848276451033,8.153933953878,44.920342114692
"biomass_production_8.43754804678067_56.6187577110705_2023.csv",NA,"2023",30.8967596303157,8.43754804678067,56.6187577110705
"biomass_production_8.45559731893654_56.1694734717496_2023.csv",NA,"2023",31.608590079812,8.45559731893654,56.1694734717496
"biomass_production_8.47315709871944_55.720221058766_2023.csv",NA,"2023",34.7444907160815,8.47315709871944,55.720221058766
"biomass_production_8.56924472525389_53.0249834516359_2023.csv",NA,"2023",39.7595105276922,8.56924472525389,53.0249834516359
"biomass_production_8.58386372061614_52.5757581943091_2023.csv",NA,"2023",39.5172365040039,8.58386372061614,52.5757581943091
"biomass_production_8.59812205929564_52.1265089267504_2023.csv",NA,"2023",38.5719199953657,8.59812205929564,52.1265089267504
"biomass_production_8.61203249016084_51.6772286863663_2023.csv",NA,"2023",36.93562057075,8.61203249016084,51.6772286863663
"biomass_production_8.6517950052934_50.3291325226285_2023.csv",NA,"2023",37.6537400109551,8.6517950052934,50.3291325226285
"biomass_production_8.66442976824486_49.8796587871109_2023.csv",NA,"2023",40.7778773096124,8.66442976824486,49.8796587871109
"biomass_production_8.67677200530321_49.4301192760931_2023.csv",NA,"2023",41.1037872786141,8.67677200530321,49.4301192760931
"biomass_production_8.68883133365639_48.9805070259819_2023.csv",NA,"2023",40.6953169845133,8.68883133365639,48.9805070259819
"biomass_production_8.72340180620153_47.6311641584638_2023.csv",NA,"2023",39.2654708089826,8.72340180620153,47.6311641584638
"biomass_production_8.78602801825519_44.9295725018931_2023.csv",NA,"2023",54.5708547759819,8.78602801825519,44.9295725018931
"biomass_production_8.86634365755386_40.8670761743443_2023.csv",NA,"2023",69.9970375807567,8.86634365755386,40.8670761743443
"biomass_production_8.87440300148173_40.4147501061139_2023.csv",NA,"2023",69.8863961743284,8.87440300148173,40.4147501061139
"biomass_production_8.88230619384658_39.9622103172153_2023.csv",NA,"2023",70.7808448657489,8.88230619384658,39.9622103172153
"biomass_production_8.89005730770387_39.509449603583_2023.csv",NA,"2023",71.0296517500816,8.89005730770387,39.509449603583
"biomass_production_9.25123704119664_56.6259953543488_2023.csv",NA,"2023",28.5942533571777,9.25123704119664,56.6259953543488
"biomass_production_9.25988927436503_56.176616016837_2023.csv",NA,"2023",30.3889757377705,9.25988927436503,56.176616016837
"biomass_production_9.26830676785477_55.7272711529391_2023.csv",NA,"2023",32.6117051039586,9.26830676785477,55.7272711529391
"biomass_production_9.27649873032006_55.2779536597891_2023.csv",NA,"2023",32.9863010133987,9.27649873032006,55.2779536597891
"biomass_production_9.28447389083732_54.8286564463947_2023.csv",NA,"2023",36.2386209459217,9.28447389083732,54.8286564463947
"biomass_production_9.29224052966458_54.3793724327831_2023.csv",NA,"2023",37.2605035129208,9.29224052966458,54.3793724327831
"biomass_production_9.29980650666192_53.9300945491433_2023.csv",NA,"2023",37.7470496295639,9.29980650666192,53.9300945491433
"biomass_production_9.3071792875777_53.4808157349625_2023.csv",NA,"2023",38.7847424096059,9.3071792875777,53.4808157349625
"biomass_production_9.31436596838537_53.0315289381583_2023.csv",NA,"2023",39.1502877968837,9.31436596838537,53.0315289381583
"biomass_production_9.32137329783736_52.5822271142066_2023.csv",NA,"2023",39.0384019335605,9.32137329783736,52.5822271142066
"biomass_production_9.32820769838649_52.1329032252649_2023.csv",NA,"2023",37.6932191398951,9.32820769838649,52.1329032252649
"biomass_production_9.33487528561117_51.6835502392916_2023.csv",NA,"2023",36.366943282691,9.33487528561117,51.6835502392916
"biomass_production_9.34138188626765_51.2341611291614_2023.csv",NA,"2023",36.4285977663504,9.34138188626765,51.2341611291614
"biomass_production_9.3477330550812_50.7847288717762_2023.csv",NA,"2023",36.5837892246361,9.3477330550812,50.7847288717762
"biomass_production_9.36590575813021_49.4361030267332_2023.csv",NA,"2023",39.4885458492277,9.36590575813021,49.4361030267332
"biomass_production_9.37168583148165_48.9864279985443_2023.csv",NA,"2023",40.511270737507,9.37168583148165,48.9864279985443
"biomass_production_9.38285651278292_48.0868362230939_2023.csv",NA,"2023",37.1773811824477,9.38285651278292,48.0868362230939
"biomass_production_9.38825537088476_47.6369054378359_2023.csv",NA,"2023",37.4161619813784,9.38825537088476,47.6369054378359
"biomass_production_9.413534600254_45.3856214507818_2023.csv",NA,"2023",51.9495794741877,9.413534600254,45.3856214507818
"biomass_production_9.41827124489228_44.9349893648151_2023.csv",NA,"2023",55.1894106308893,9.41827124489228,44.9349893648151
